lema,glosa,classe,estrato_proposto_anotador1,tambem_arcaismo,fonte_diatopica_candidata,sementes,status,lema_final,nivel_evidencia
a la cria,"expressão castelhana gauchesca: em disparada, a toda velocidade",expressão,revisar,não,"Nunes & Nunes, Dicionário de Regionalismos do RS; Houaiss (conferir marca)",regional-08,mantido (anotador 1) — aguarda veto do autor,a la cria,
abombado,"esfalfado, prostrado de cansaço e calor",lexema,variante-concorrente,não,"Reg (GO, S.) (Michaelis) — Michaelis, verbete ""abombado"" (michaelis.uol.com.br/moderno-portugues/busca/portugues-brasileiro/abombado/); glossário gauchesco compilado das obras de Simões Lopes Neto (colafinaecascagrossa.blogspot.com)",regional-09,mantido (marca verificada em fonte),abombado,dicionário geral com marca
acochava,"apertar com força, arrochar",lexema,variante-concorrente,não,"Nunes & Nunes, Dicionário de Regionalismos do RS; Houaiss (conferir marca)",regional-03,"cortado (anotador 1, 2ª passada): verbo geral (acochar) sem marca diatópica firme",,
acolherados,"presos em colhera, emparelhados dois a dois (animais)",lexema,variante-concorrente,não,"Reg (S.) (Michaelis, acep. 1) — Michaelis, verbete ""acolherar"" (acep. 1); glossário gauchesco das obras de Simões Lopes Neto (colafinaecascagrossa.blogspot.com)",regional-02,mantido (marca verificada em fonte),acolherar,dicionário geral com marca
acolheraram,"emparceirar-se, juntar-se em dupla (como cavalos presos numa colhera)",lexema,variante-concorrente,não,"Reg (S.) (Michaelis, acep. 1) — Michaelis, verbete ""acolherar"" (acep. 1); glossário gauchesco das obras de Simões Lopes Neto (colafinaecascagrossa.blogspot.com)",regional-04,mantido (marca verificada em fonte),acolherar,dicionário geral com marca
agachada,"tirada esperta, saída/resposta pronta",lexema,variante-concorrente,não,"Nunes & Nunes, Dicionário de Regionalismos do RS; Houaiss (conferir marca)",regional-01,"cortado (anotador 1, 2ª passada): acepção figurada de palavra geral",,
agregado,"morador em campo alheio, vivendo de favor na estância",lexema,variante-concorrente,não,"Nunes & Nunes, Dicionário de Regionalismos do RS; Houaiss (conferir marca)",regional-04,cortado (anotador 1): homografia (agregado geral),,
aguadas,lugares de água onde o gado bebe; bebedouros naturais do campo,lexema,variante-concorrente,não,"RS (Aulete, acep. 6 e 7) — Aulete digital, verbete ""aguada"" (aulete.com.br/aguada); Michaelis, verbete ""aguada""",regional-05,mantido (marca verificada em fonte),aguada,dicionário geral com marca
alçada,"de 'gado alçado': fugido ao domínio do homem, tornado xucro/selvagem",lexema,variante-concorrente,não,"Nunes & Nunes, Dicionário de Regionalismos do RS; Houaiss (conferir marca)",regional-05,cortado (anotador 1): homografia (alçada jurídica),,
ao cair do laço,"expressão campeira: à mão, em abundância — era só laçar",expressão,revisar,não,"Nunes & Nunes, Dicionário de Regionalismos do RS; Houaiss (conferir marca)",regional-05,mantido (anotador 1) — aguarda veto do autor,ao cair do laço,
aperado,"arreado, com os aperos (arreios) completos",lexema,variante-concorrente,não,"Reg (S.) (Michaelis, acep. 1) — Michaelis, verbete ""aperado"" (acep. 1); glossário gauchesco das obras de Simões Lopes Neto (colafinaecascagrossa.blogspot.com)",regional-04;regional-07,mantido (marca verificada em fonte),aperado,dicionário geral com marca
apojo,leite grosso e gordo do fim da ordenha (criada a apojo = criada com leite forte),lexema,variante-concorrente,não,"Nunes & Nunes, Dicionário de Regionalismos do RS; Houaiss (conferir marca)",regional-01,"cortado (anotador 1, 2ª passada): termo rural geral em dicionário, marca difusa",,
apurado,apressado (do espanhol apurarse; em 'só de apurado'),lexema,variante-concorrente,não,"(Bras., Sul) Apressado. (Aulete, dicionário original) — Aulete, verbete 'apurado', seção do dicionário original Caldas Aulete: '|| (Bras., Sul) Apressado.'; Michaelis, verbete 'apurado', acp. 10 ('coloq Que tem pressa; apressado, açodado')",regional-08,restaurado (marca diatópica atestada na verificação); FLAG: homografia parcial — conferência manual de contexto na medição,apurado,dicionário geral com marca
areão,"areal extenso, trecho de areia solta no campo",lexema,variante-concorrente,não,"Nunes & Nunes, Dicionário de Regionalismos do RS; Houaiss (conferir marca)",regional-02,"cortado (anotador 1): derivação geral, sem marca diatópica",,
arranchou-se,"arranchar-se: fazer rancho, estabelecer moradia",lexema,variante-concorrente,não,"Nunes & Nunes, Dicionário de Regionalismos do RS; Houaiss (conferir marca)",regional-05,"cortado (anotador 1, 2ª passada): arranchar é geral (uso militar/rural)",,
aruá,"espantadiço, arisco; (fig.) brigão, valentão",lexema,variante-concorrente,não,"nenhuma marca diatópica em dicionário geral; atestado como gauchesco no glossário das obras de Simões Lopes Neto — Michaelis, verbete ""aruá"" (molusco; fig, pej 'indivíduo ingênuo; bobo, tolo', sem marca); Aulete, ""aruá2"" ('cavalo ou boi arisco; bravio, indócil; indivíduo com maus instintos', sem marca); Priberam, ""aruá"" ('desconfiado; espantadiço; pouco dócil', sem marca); glossário gauchesco das obras de Simões Lopes Neto, rev. Aurélio Buarque de Holanda (colafinaecascagrossa.blogspot.com): 'ARUÁ, adj. Apuava, puava, fuá. Diz-se do cavalo espantadiço, quebra, indócil, desconfiado [...] Usa-se como substantivo para significar indivíduo brigão, valentão, puava'",regional-04,mantido (marca verificada em fonte),aruá,dicionário geral com marca
aspa-torta,"apelido-insulto campeiro (aspa = chifre; ""chifre torto"")",lexema,variante-concorrente,não,"Nunes & Nunes, Dicionário de Regionalismos do RS; Houaiss (conferir marca)",regional-07,"cortado (anotador 1, 2ª passada): apodo ocasional, não lexicalizado",,
atorou,"cortou em toros, decepou",lexema,variante-concorrente,não,"Michaelis, verbete 'atorar1' ('Partir madeira em toros; torar' / 'Partir um objeto arredondado em dois pedaços' / 'Cortar em pedaços miúdos' — sem marca) e 'ato",regional-06,cortado (verificação: sem marca diatópica atestada),,
açouta-cavalo,árvore nativa do Sul (Luehea divaricata),lexema,variante-concorrente,não,"Nunes & Nunes, Dicionário de Regionalismos do RS; Houaiss (conferir marca)",regional-02,"cortado (anotador 1, 2ª passada): fitônimo de registro geral (Luehea divaricata)",,
aí no mais,"logo em seguida, sem mais demora (locução gaúcha)",expressão,revisar,não,"Nunes & Nunes, Dicionário de Regionalismos do RS; Houaiss (conferir marca)",regional-01;regional-03,mantido (anotador 1) — aguarda veto do autor,aí no mais,
baio,cigarro de palha (fechar o baio = terminar de enrolá-lo),lexema,realia,não,"Reg (RS) (Michaelis, sm acep. 2) — Michaelis, verbete ""baio"" (sm acep. 2); glossário gauchesco das obras de Simões Lopes Neto (colafinaecascagrossa.blogspot.com)",regional-01,mantido (marca verificada em fonte); FLAG: homografia parcial — conferência manual de contexto na medição,baio,dicionário geral com marca
balastracas,"moedas de prata (patacões de baixa liga, comuns na fronteira)",lexema,variante-concorrente,não,"Nunes & Nunes, Dicionário de Regionalismos do RS; Houaiss (conferir marca)",regional-01,"cortado (anotador 1, 2ª passada): numismática histórica, não diatópico vivo",,
banhados,"terrenos alagadiços, pântanos campestres do pampa",lexema,variante-concorrente,não,"Reg (S.) (Michaelis) — Michaelis, verbete ""banhado"" (sm); glossário gauchesco das obras de Simões Lopes Neto (colafinaecascagrossa.blogspot.com)",regional-02,mantido (marca verificada em fonte),banhado,dicionário geral com marca
barral,terreno barrento à margem de lagoa,lexema,variante-concorrente,não,"Nunes & Nunes, Dicionário de Regionalismos do RS; Houaiss (conferir marca)",regional-08,"cortado (anotador 1, 2ª passada): derivação transparente, marca fraca",,
barranca,"ribanceira, barranco de rio (platinismo)",lexema,variante-concorrente,não,"Schlee, Aldyr Garcia. Dicionário da Cultura Pampeana Sul-Rio-Grandense (Pelotas: Fructos do Paiz, 2019), vol. I: ""BARRANCA (BRAS) S.f. - Barranco. Margem elevada e íngreme de um curso de água, lagoa ou lago (AD, SL, RG, FE). // Desbarrancado. Quebrada abrupta do terreno [...] [us. c/PLAT]"". A sigla SL na chave do dicionário = João Simões Lopes Neto, Contos Gauchescos & Lendas do Sul (ed. crítica S",regional-09,mantido (léxico gauchesco especializado),barranca,léxico especializado
bolas,"as boleadeiras, arma de arremesso campeira",lexema,realia,não,"Nunes & Nunes, Dicionário de Regionalismos do RS; Houaiss (conferir marca)",regional-03,cortado (anotador 1): homografia (bolas),,
bolaço,golpe/pancada de boleadeira,lexema,variante-concorrente,não,"Nunes & Nunes, Dicionário de Regionalismos do RS; Houaiss (conferir marca)",regional-03,"cortado (anotador 1, 2ª passada): derivado; família já coberta por boleadeiras/bolear",,
boleadeiras,"arma de três pedras encouradas unidas por tentos, para derrubar animais",lexema,realia,não,"Reg (RS) (Michaelis) — Michaelis, verbete ""boleadeiras"" (sf pl); glossário gauchesco das obras de Simões Lopes Neto (colafinaecascagrossa.blogspot.com)",regional-03,mantido (marca verificada em fonte),boleadeiras,dicionário geral com marca
boleava,derrubar animal lançando as boleadeiras,lexema,variante-concorrente,não,"Reg (RS) (Michaelis) — Michaelis On-line, verbete ""bolear 1"", acepção 5: ""Reg (RS) Atirar as boleadeiras e prender (um animal) com elas""",regional-03,mantido (marca verificada em fonte),bolear,dicionário geral com marca
boleou a perna,"passou a perna sobre os arreios, apeou (expressão campeira)",expressão,revisar,não,"Nunes & Nunes, Dicionário de Regionalismos do RS; Houaiss (conferir marca)",regional-06,mantido (anotador 1) — aguarda veto do autor,boleou a perna,
boliche,pequena venda ou taberna de campanha,lexema,variante-concorrente,não,"Reg (RS) (Michaelis, acp. 3); [Brasil: Regionalismo] (Priberam, acp. 3) — Michaelis s.v. boliche (acp. 3 'Reg (RS) Pequena venda de secos e molhados'); Priberam s.v. boliche (acp. 3 '[Brasil: Regionalismo] Pequena mercearia... = BODEGA, VENDA')",regional-06,restaurado (marca diatópica atestada na verificação); FLAG: homografia parcial — conferência manual de contexto na medição,boliche,dicionário geral com marca
bombacha,"calça larga franzida no tornozelo, veste típica do gaúcho (platinismo)",lexema,realia,não,"Reg (RS) (Michaelis) — Michaelis On-line, verbete ""bombachas"" (sf pl), acepção 2: ""Reg (RS) Calças muito largas, com as bocas das pernas afuniladas e presas por botões""",regional-03,mantido (marca verificada em fonte),bombacha,dicionário geral com marca
brasino,de pelagem escura tirando a vermelho (dito de cão),lexema,realia,não,"S (Aulete, verbete atualizado) — Aulete Digital, verbete ""brasino"", acepção 2: ""S Diz-se de cão ou de gado bovino cujo pelo é avermelhado com listras escuras ou pretas""; Michaelis, verbete ""brasino"", acepção 2 (sem marca)",regional-09,mantido (marca verificada em fonte),brasino,dicionário geral com marca
bugres,indígenas (designação corrente no sul),lexema,variante-concorrente,não,Michaelis s.v. bugre; Aulete s.v. bugre; Priberam s.v. bugre,regional-05,cortado (verificação: sem marca diatópica atestada),,
buracama,grande quantidade de buracos (coletivo em -ama típico do falar gaúcho),lexema,variante-concorrente,não,"Nunes & Nunes, Dicionário de Regionalismos do RS; Houaiss (conferir marca)",regional-08,"cortado (anotador 1, 2ª passada): derivação transparente em -ama",,
cambão,"peça de canga para jungir; 'negro de cambão' = negro de serviço pesado, submisso",lexema,variante-concorrente,não,Michaelis s.v. cambão; Aulete s.v. cambão; Priberam s.v. cambão,regional-06,cortado (verificação: sem marca diatópica atestada),,
camorra,"provocação, rixa; 'comprar a camorra' = aceitar a provocação",lexema,variante-concorrente,não,"Nunes & Nunes, Dicionário de Regionalismos do RS; Houaiss (conferir marca)",regional-04,"cortado (anotador 1, 2ª passada): homografia com camorra (máfia) de uso geral",,
campeiro,homem perito nas lidas de campo e cavalo,lexema,variante-concorrente,não,"Romaguera Correa, Vocabulário Sul Rio-Grandense (1898, archive.org): ""Campeiro, subs. m. e adj.: empregado (peão) de estância; pessoa entendida nas lides camponezas e que monta bem [...] como substantivo, é synonimo de vaqueiro, do Norte"". Também no glossário SLN/Aurélio (reprod. colafinaecascagrossa.blogspot.com): ""Pessoa que executa com habilidade os serviços de campo, que monta bem [...]""; Call",regional-03,mantido (léxico gauchesco especializado),campeiro,léxico especializado
campeiros,"peões lidadores de campo, hábeis nas lidas de gado",lexema,variante-concorrente,não,"Michaelis, verbete ""campeiro 1"", sm 1: ""O que lida com o gado no campo; vaqueiro"" (sem marca); Aulete, acepções 2-3 (sem marca); Priberam: ""[Brasil] Tratador de",regional-05,cortado (verificação: sem marca diatópica atestada),,
campestre,"clareira de campo limpo em meio ao mato (substantivo, uso sulista)",lexema,variante-concorrente,não,"Nunes & Nunes, Dicionário de Regionalismos do RS; Houaiss (conferir marca)",regional-07,cortado (anotador 1): homografia (adjetivo comum),,
cancha,"espaço livre, pista, campo para o desempenho",lexema,variante-concorrente,não,"Romaguera Correa (1898): ""Cancha, subs. f.: lugar plano e geralmente preparado onde se realisam as corridas de cavallos [...] paradeiro: lugar onde costuma se achar uma pessoa e onde passa a maior parte do tempo; lugar predilecto [...] Etym.: é voc. quichúa"". Glossário SLN/Aurélio (reprod. blog): ""Lugar plano [...] preparado especialmente para corridas de cavalos. [...] || Paradeiro habitual; luga",regional-09,mantido (léxico gauchesco especializado),cancha,léxico especializado
cancheiro,"experiente, desembaraçado, como quem conhece a cancha",lexema,variante-concorrente,não,"(Bras., Sul) (Aulete, verbete original); Bras. S (Aulete, verbete atualizado, acepções 1, 3 e 5) — Aulete Digital, verbete ""cancheiro"": verbete original ""adj. e s. m. || (Bras., Sul) acostumado a canchas; hábil em canchas: Cavalo cancheiro""; verbete atualizado, acepções 1/3/5 ""Bras. S"", acepções 4/7 ""P.ext. Pop. Pessoa com muita experiência / Diz-se de quem é muito experiente; CANCHUDO""",regional-07,mantido (marca verificada em fonte),cancheiro,dicionário geral com marca
canhadas,vales entre coxilhas (do espanhol cañada),lexema,variante-concorrente,não,"Bras. S (Aulete) — Aulete Digital, verbete ""canhada"": ""Bras. S sf. 1. Terreno baixo, depressão entre coxilhas ou colinas; BAIXADA""; Michaelis, verbete ""canhada"" (sem marca)",regional-08,mantido (marca verificada em fonte),canhada,dicionário geral com marca
capincho,capivara,lexema,variante-concorrente,não,"RS (Aulete) — Aulete Digital, verbete ""capincho"": ""RS Zool. sm. 1. Ver capivara. 2. A capivara macho. 3. Filhote de capivara""; Michaelis, verbete ""capincho"": ""Zool Macho ou filhote de capivara"" (sem marca; etimologia esp.)",regional-09,mantido (marca verificada em fonte),capincho,dicionário geral com marca
cara-volta,"meia-volta, ação de voltar para trás",lexema,variante-concorrente,não,"(Bras., Rio Grande do Sul) (Aulete, verbete original) — Aulete Digital, verbete ""cara-volta"": ""s. f. || (Bras., Rio Grande do Sul) meia-volta rápida, especialmente a cavalo""",regional-09,mantido (marca verificada em fonte),cara-volta,dicionário geral com marca
carcheio,despojo completo do perdedor; 'completar o carcheio' = arrematar-lhe tudo,lexema,variante-concorrente,não,"Nunes & Nunes, Dicionário de Regionalismos do RS; Houaiss (conferir marca)",regional-04,"cortado (anotador 1, 2ª passada): obscuro, atestação fraca",,
carneavam,"carnear = matar e esquartejar rês; aqui, figurado: degolar, matar",lexema,variante-concorrente,não,"RS (Aulete atualizado); ""(Bras., Rio Grande do Sul)"" (Aulete original) — Aulete, verbete ""carnear""; Michaelis, verbete ""carnear"" (sem marca); Priberam, verbete ""carnear"" ([Brasil])",regional-07,mantido (marca verificada em fonte),carnear,dicionário geral com marca
carona,"peça de couro dos arreios, sobreposta ao lombilho",lexema,realia,não,"Bras. S (Aulete, acepção 2) — Aulete, verbete ""carona""; Michaelis, verbete ""carona"" (acepção 1 sem marca); Priberam, verbete ""carona"" ([Brasil])",regional-03;regional-09,mantido (marca verificada em fonte); FLAG: homografia parcial — conferência manual de contexto na medição,carona,dicionário geral com marca
caronas,"peças de couro dos arreios, colocadas sob o lombilho",lexema,variante-concorrente,não,"Bras. S (Aulete, acepção 2) — Aulete, verbete ""carona""; Michaelis, verbete ""carona"" (acepção 1 sem marca); Priberam, verbete ""carona"" ([Brasil])",regional-07,mantido (marca verificada em fonte); FLAG: homografia parcial — conferência manual de contexto na medição,carona,dicionário geral com marca
carreta de tolda,"carretão de bois coberto (tolda de lona/couro), transporte típico da campanha",expressão,revisar,não,"Nunes & Nunes, Dicionário de Regionalismos do RS; Houaiss (conferir marca)",regional-05,mantido (anotador 1) — aguarda veto do autor,carreta de tolda,
carreta toldada,carreta de bois coberta com toldo,expressão,revisar,não,"Nunes & Nunes, Dicionário de Regionalismos do RS; Houaiss (conferir marca)",regional-07,fundido no lema 'carreta de tolda',carreta de tolda,
chape-chape,terreno encharcado que faz 'chape' sob o casco; onomatopeia regional,lexema,variante-concorrente,não,"Nunes & Nunes, Dicionário de Regionalismos do RS; Houaiss (conferir marca)",regional-02,"cortado (anotador 1, 2ª passada): onomatopeia composicional",,
che,interjeição platina de chamamento/tratamento,lexema,variante-concorrente,não,"Reg (RS) (Michaelis) — Michaelis, verbete ""chê""; Wikcionário pt, verbete ""tchê"" (""Regionalismo: extremo sul do Brasil""); Priberam, verbete ""tchê"" ([Brasil, Informal])",regional-07,mantido (marca verificada em fonte),chê,dicionário geral com marca
china,"mulher do gaúcho, companheira, mestiça",lexema,variante-concorrente,não,"RS (""Mulher que vive no campo"") e AM RS (""Concubina, companheira conjugal"") (Aulete, china², acepções 3 e 4) — Aulete, verbete ""china"" (china²); Michaelis, verbete ""china 3""",regional-04;regional-06,mantido (marca verificada em fonte),china,dicionário geral com marca
chiripá,"pano preso à cintura envolvendo as pernas, veste do gaúcho antigo (platinismo)",lexema,realia,não,"Reg (RS) (Michaelis) — Michaelis, verbete ""chiripá""",regional-03,mantido (marca verificada em fonte),chiripá,dicionário geral com marca
chiru,índio velho ou mestiço de índio; caboclo gaúcho,lexema,variante-concorrente,não,"Reg (S.) (Michaelis) — Michaelis, verbete ""chiru¹""",regional-07,mantido (marca verificada em fonte),chiru,dicionário geral com marca
churrasco,"carne assada nas brasas, prato emblemático sulista",lexema,variante-concorrente,não,"Nunes & Nunes, Dicionário de Regionalismos do RS; Houaiss (conferir marca)",regional-01;regional-07,cortado (anotador 1): difusão nacional,,
chê,interjeição vocativa platina (tchê),lexema,variante-concorrente,não,"Reg (RS) (Michaelis) — Michaelis, verbete ""chê""; Wikcionário pt, verbete ""tchê"" (""Regionalismo: extremo sul do Brasil""); Priberam, verbete ""tchê"" ([Brasil, Informal])",regional-04,mantido (marca verificada em fonte),chê,dicionário geral com marca
coronilha,árvore de madeira duríssima; indiada coronilha = gente rija como essa madeira,lexema,variante-concorrente,não,"Nunes & Nunes, Dicionário de Regionalismos do RS; Houaiss (conferir marca)",regional-01,cortado (anotador 1): no trecho é nome próprio (estância da Coronilha),,
cova de touro,buraco cavado no campo pelo escarvar dos touros,expressão,revisar,não,"Nunes & Nunes, Dicionário de Regionalismos do RS; Houaiss (conferir marca)",regional-08,cortado (anotador 1): expressão composicional transparente,,
coxilhas,colinas suaves dos campos rio-grandenses,lexema,variante-concorrente,não,"Reg (S.) (Michaelis) — Michaelis, verbete ""coxilha""",regional-08,mantido (marca verificada em fonte),coxilha,dicionário geral com marca
culo,"no jogo do osso, queda da taba com o lado arredondado para baixo: lance perdedor",lexema,variante-concorrente,não,"(Bras., Rio Grande do Sul) (Aulete, verbete original) — Aulete, verbete ""culo"" (verbete original do Aulete Digital)",regional-04,mantido (marca verificada em fonte),culo,dicionário geral com marca
cuscada,"corja, gentinha desprezível (de cusco, cachorrinho vira-lata)",lexema,variante-concorrente,não,"Nunes & Nunes, Dicionário de Regionalismos do RS; Houaiss (conferir marca)",regional-01,"cortado (anotador 1, 2ª passada): derivado; família coberta por cusco",,
cusco,"cachorrinho pequeno, vira-lata",lexema,variante-concorrente,não,"Reg (RS) (Michaelis) — Michaelis, verbete ""cusco""",regional-09,mantido (marca verificada em fonte),cusco,dicionário geral com marca
de comer quadras,"em carreira que devora distâncias (quadra: antiga medida de campo, ~132 m)",expressão,revisar,não,"Nunes & Nunes, Dicionário de Regionalismos do RS; Houaiss (conferir marca)",regional-08,mantido (anotador 1) — aguarda veto do autor,de comer quadras,
de em pêlo,montado sem arreios (para aliviar o cavalo),expressão,revisar,não,"Nunes & Nunes, Dicionário de Regionalismos do RS; Houaiss (conferir marca)",regional-03,mantido (anotador 1) — aguarda veto do autor,de em pêlo,
de escoteiro,"viajando sozinho, sem tropa nem cargueiro",expressão,revisar,não,"Nunes & Nunes, Dicionário de Regionalismos do RS; Houaiss (conferir marca)",regional-09,mantido (anotador 1) — aguarda veto do autor,de escoteiro,
desabotinado,"desenfreado, arrojado, sem freio",lexema,variante-concorrente,não,"Nunes & Nunes, Dicionário de Regionalismos do RS; Houaiss (conferir marca)",regional-02,"cortado (anotador 1, 2ª passada): raro sem marca diatópica firme",,
desandou cruzada,"errou/recuou numa cruzada, isto é, numa travessia de campo a cavalo",expressão,revisar,não,"Nunes & Nunes, Dicionário de Regionalismos do RS; Houaiss (conferir marca)",regional-02,"cortado (anotador 1): composicional, leitura incerta",,
descascou,desembainhou (uso figurado campeiro),lexema,variante-concorrente,não,"Nunes & Nunes, Dicionário de Regionalismos do RS; Houaiss (conferir marca)",regional-06,cortado (anotador 1): homografia (verbo comum),,
desencilhei,tirar os arreios do cavalo,lexema,variante-concorrente,não,"Michaelis, Aulete e Priberam, verbete ""encilhar""",regional-09,cortado (verificação: sem marca diatópica atestada),,
despilchado,"sem pilchas, isto é, sem dinheiro nem bens; desprendido",lexema,variante-concorrente,não,"(Bras., Rio Grande do Sul) (Aulete); apoio: ""Reg (S.)"" em despilchar e ""Reg (RS)"" em pilcha (Michaelis) — Aulete, verbete ""despilchado""; Michaelis, verbetes ""despilchar"" e ""pilcha"" (despilchado não é lema no Michaelis)",regional-02,mantido (marca verificada em fonte),despilchado,dicionário geral com marca
domador,peão campeiro que doma cavalos xucros,lexema,variante-concorrente,não,"Nunes & Nunes, Dicionário de Regionalismos do RS; Houaiss (conferir marca)",regional-04,"cortado (anotador 1, 2ª passada): palavra geral (circo, rodeio nacional)",,
encanzinado,"encarniçado, teimosamente empenhado, com raiva",lexema,variante-concorrente,não,"Nunes & Nunes, Dicionário de Regionalismos do RS; Houaiss (conferir marca)",regional-08,"cortado (anotador 1, 2ª passada): variante de encanzinar-se, registro geral",,
encilhei,"arrear, pôr a encilha no cavalo",lexema,variante-concorrente,não,"Michaelis, Aulete e Priberam, verbete ""encilhar""",regional-09,cortado (verificação: sem marca diatópica atestada),,
enfarando,"enjoar, causar fastio, encher",lexema,variante-concorrente,não,"Michaelis, Aulete e Priberam, verbete ""enfarar""",regional-04,cortado (verificação: sem marca diatópica atestada),,
esbarrou,"sofreou, parou bruscamente a montaria (uso campeiro)",lexema,variante-concorrente,não,"Michaelis, verbete 'esbarrar', acp. 4 ('vtd Interromper, repentinamente, a marcha de uma cavalgadura, puxando as rédeas' — sem marca); Aulete, verbete 'esbarrar",regional-06,cortado (verificação: sem marca diatópica atestada),,
estância,fazenda de criação de gado do pampa,lexema,variante-concorrente,não,"Reg (S.) — acepção 5: ""Fazenda de criação de gado"" (Michaelis) — Michaelis, verbete ""estância"", acepção 5",regional-04;regional-09,mantido (marca verificada em fonte),estância,dicionário geral com marca
farrapos,revolucionários rio-grandenses da Guerra dos Farrapos (1835-45),lexema,variante-concorrente,não,"Nunes & Nunes, Dicionário de Regionalismos do RS; Houaiss (conferir marca)",regional-07,cortado (anotador 1): homografia + nome histórico,,
fartum,cheiro forte exalado pela gordura assando,lexema,variante-concorrente,não,Michaelis s.v. fartum; Aulete s.v. fartum; Priberam s.v. fartum,regional-07,cortado (verificação: sem marca diatópica atestada),,
fez cancha,"estabeleceu pouso/território de atuação; cancha = pista, terreno de atividade habitual",expressão,revisar,não,"Nunes & Nunes, Dicionário de Regionalismos do RS; Houaiss (conferir marca)",regional-02,mantido (anotador 1) — aguarda veto do autor,fez cancha,
fueiro,estaca lateral da carreta que segura a carga,lexema,variante-concorrente,não,"Nunes & Nunes, Dicionário de Regionalismos do RS; Houaiss (conferir marca)",regional-07,"cortado (anotador 1, 2ª passada): termo rural geral (também em Portugal)",,
gadaria,coletivo campeiro: o conjunto do gado,lexema,variante-concorrente,não,"Nunes & Nunes, Dicionário de Regionalismos do RS; Houaiss (conferir marca)",regional-05,"cortado (anotador 1, 2ª passada): coletivo transparente",,
gambetas,"fintas, mudanças bruscas de direção do corpo",lexema,variante-concorrente,não,"(Sul) Drible, finta. (Aulete, dicionário original; etimologia 'F. cast. plat.') — Aulete, verbete 'gambeta', seção do dicionário original Caldas Aulete: '|| (Sul) Drible, finta.' e etimologia 'F. cast. plat.' (castelhano platino); Michaelis, verbete 'gambeta' (acepções gerais, sem marca, etim. ital. gambetta); Priberam (acepções gerais, sem marca)",regional-08,restaurado (marca diatópica atestada na verificação); FLAG: homografia parcial — conferência manual de contexto na medição,gambeta,dicionário geral com marca
ganas,"vontade, desejo (castelhanismo fronteiriço)",lexema,variante-concorrente,não,"Michaelis, verbete 'gana' (acp. 1 'Grande apetite ou vontade; anseio...' — sem marca; etim. esp gana); Aulete, verbete 'gana' (acp. 1 'Impulso ou vontade intens",regional-09,cortado (verificação: sem marca diatópica atestada),,
garrão,jarrete das patas traseiras (do esp. garrón),lexema,variante-concorrente,não,"Reg (RS) — acepção 1: ""Jarrete de animal"" (Michaelis) — Michaelis, verbete ""garrão""",regional-03,mantido (marca verificada em fonte),garrão,dicionário geral com marca
gauchada,"o conjunto dos gaúchos, a peonada reunida",lexema,variante-concorrente,não,"Romaguera Correa (1898), s.v. Gauchada: ""porção ou grande numero de gaúchos: De gauchada linda compunha-se aquelle regimento! [...] façanha, commettimento de difficil e arriscada execução"". Glossário SLN/Aurélio (reprod. blog): ""GAUCHADA, s. Grande número de gaúchos. || Façanha de gaúcho [...]"". Schlee (2019), vol. II: ""GAUCHADA (BRAS) S.f. - Os gaúchos (SL). // Grupo, conjunto de campeiros pampea",regional-03,mantido (léxico gauchesco especializado),gauchada,léxico especializado
gaúcho,"homem do campo rio-grandense, campeiro",lexema,variante-concorrente,não,"Nunes & Nunes, Dicionário de Regionalismos do RS; Houaiss (conferir marca)",regional-02;regional-04;regional-08,cortado (anotador 1): difusão nacional (gentílico padrão),,
graxains,"canídeos selvagens do pampa, espécie de raposa (sorro)",lexema,variante-concorrente,não,"Michaelis, Aulete, Priberam e Dicio, verbetes ""graxaim"" e ""guaraxaim""",regional-02,cortado (verificação: sem marca diatópica atestada),,
guabirobas,planta/fruta nativa (mirtácea) rasteira dos campos,lexema,variante-concorrente,não,"Nunes & Nunes, Dicionário de Regionalismos do RS; Houaiss (conferir marca)",regional-02,"cortado (anotador 1, 2ª passada): fitônimo de difusão ampla (também MG/PR)",,
guaiaca,cinto largo de couro com bolsos para dinheiro e arma,lexema,realia,não,"Reg (S.) (Michaelis) — Michaelis, verbete ""guaiaca""",regional-01;regional-09,mantido (marca verificada em fonte),guaiaca,dicionário geral com marca
guapa,"valente, forte, de boa aparência (uso platino de guapo)",lexema,variante-concorrente,não,"Nunes & Nunes, Dicionário de Regionalismos do RS; Houaiss (conferir marca)",regional-01,"cortado (anotador 1, 2ª passada): castelhanismo de difusão ampla",,
guasca,tira de couro cru (platinismo),lexema,variante-concorrente,não,"Reg (RS) (Michaelis) — Michaelis, verbete ""guasca""",regional-03,mantido (marca verificada em fonte),guasca,dicionário geral com marca
guri,"menino, rapazote (do guarani)",lexema,variante-concorrente,não,"Reg (RS) (Michaelis) — Michaelis (michaelis.uol.com.br), verbete ""guri""",regional-08,mantido (marca verificada em fonte),guri,dicionário geral com marca
indiada,"a peonada, conjunto de homens do campo",lexema,variante-concorrente,não,"Reg (RS) (Michaelis) — Michaelis (michaelis.uol.com.br), verbete ""indiada""",regional-01,mantido (marca verificada em fonte),indiada,dicionário geral com marca
japonas,casacões curtos de pano grosso usados pelo gaúcho,lexema,realia,não,"Michaelis, Aulete, Priberam e Wikcionário pt, verbete ""japona""",regional-07,cortado (verificação: sem marca diatópica atestada),,
ligar,tira de guasca com furo e ponta para pear o garrão do animal boleado (definida no próprio trecho),lexema,variante-concorrente,não,"Nunes & Nunes, Dicionário de Regionalismos do RS; Houaiss (conferir marca)",regional-03,cortado (anotador 1): homografia total (verbo comum); definida no próprio trecho,,
lobuno,"pelagem de cavalo cor de lobo, acinzentada (platinismo)",lexema,realia,não,"Reg (MG, S.) (Michaelis) — Michaelis (michaelis.uol.com.br), verbete ""lobuno""",regional-06,mantido (marca verificada em fonte),lobuno,dicionário geral com marca
lombeira,"moleza no corpo, preguiça",lexema,variante-concorrente,não,"Roque Callage, Vocabulario Gaúcho (1926, texto integral no archive.org): 'LOMBEIRA, subs. preguiça, moleza no corpo', com abonação tirada do próprio autor: '...tive ganas de me banhar, até para quebrar a lombeira...' (J. Simões Lopes Netto, Contos Gauchescos). Também no glossário compilado Colafina & Cascagrossa (base no glossário SLN revisado por Aurélio Buarque de Holanda): 'LOMBEIRA, s. Preguiç",regional-09,mantido (léxico gauchesco especializado),lombeira,léxico especializado
lombilho,"sela rústica gaúcha, armação principal dos arreios",lexema,realia,não,"Reg (S.) (Michaelis) — Michaelis (michaelis.uol.com.br), verbete ""lombilho""",regional-09,mantido (marca verificada em fonte),lombilho,dicionário geral com marca
macegas,capim alto e grosseiro do campo,lexema,variante-concorrente,não,"Nunes & Nunes, Dicionário de Regionalismos do RS; Houaiss (conferir marca)",regional-08,"cortado (anotador 1, 2ª passada): termo rural de difusão ampla",,
maloca,"bando, quadrilha (aqui, grupo de contrabandistas)",lexema,variante-concorrente,não,"Nunes & Nunes, Dicionário de Regionalismos do RS; Houaiss (conferir marca)",regional-02,cortado (anotador 1): homografia (uso geral BR),,
maneado,"peado, com as patas dianteiras presas pela maneia",lexema,variante-concorrente,não,"Michaelis (verbete ""manear 2""), Aulete e Priberam, verbete ""manear""",regional-07,cortado (verificação: sem marca diatópica atestada),,
maneando,manear: prender as patas do animal com maneia ou laço,lexema,variante-concorrente,não,"Michaelis (verbete ""manear 2""), Aulete e Priberam, verbete ""manear""",regional-08,cortado (verificação: sem marca diatópica atestada),,
manoteou,"agarrou de golpe, deu manotaço (do espanhol platino manotear)",lexema,variante-concorrente,não,"Reg (RS) (Michaelis) — Michaelis (michaelis.uol.com.br), verbete ""manotear""",regional-06,mantido (marca verificada em fonte),manotear,dicionário geral com marca
mate,"chimarrão, infusão de erva-mate",lexema,realia,não,"Romaguera Corrêa, Vocabulario Sul Rio-Grandense (1898, texto integral no archive.org), s.v. Matte: '...Bebida que se prepara collocando-se uma infusão dentro de uma cabaça (cuia), quasi cheia de agua quente, com certa quantidade das folhas daquella planta reduzidas a pó. Matte chimarrão ou amargo é o que não leva assucar.' Também em Callage (1926): 'MATTE, subs. é a herva-matte que collocada em in",regional-04,mantido (léxico gauchesco especializado); FLAG: homografia parcial — conferência manual de contexto na medição,mate,léxico especializado
mate amargo,"chimarrão, infusão de erva-mate sem açúcar",expressão,realia,não,"Nunes & Nunes, Dicionário de Regionalismos do RS; Houaiss (conferir marca)",regional-01,mantido (anotador 1) — aguarda veto do autor,mate amargo,
mateavam,tomavam mate (chimarrão),lexema,variante-concorrente,não,"Reg (RS) (Michaelis) — Michaelis, verbete ""matear¹"" (michaelis.uol.com.br/moderno-portugues/busca/portugues-brasileiro/matear/)",regional-07,mantido (marca verificada em fonte),matear,dicionário geral com marca
maula,"ruim, ordinário; aqui, o pior aviado/menos provido (platinismo)",lexema,variante-concorrente,não,"Reg (RS) (Michaelis); (Bras., Rio Grande do Sul) (Aulete) — Michaelis, verbete ""maula""; Aulete (aulete.com.br/maula)",regional-03,mantido (marca verificada em fonte),maula,dicionário geral com marca
milongueiro,"dado a milongas; conversador sedutor, de muita lábia",lexema,variante-concorrente,não,"[Regionalismo: Rio Grande do Sul] (Dicio) — Dicio, verbete ""milongueiro"" (dicio.com.br/milongueiro); cotejado com Michaelis e Aulete",regional-04,mantido (marca verificada em fonte),milongueiro,dicionário geral com marca
mirone,espectador de jogo que assiste sem apostar,lexema,variante-concorrente,não,"Michaelis, verbetes 'mirone' (sm 1 coloq Espectador; 2 V mirão) e 'mirão' (2 Espectador de jogo; Sin: mirone); Aulete, verbete 'mirone' ('(fam.) mirão; observad",regional-04,cortado (verificação: sem marca diatópica atestada),,
morocha,"morena, mulher trigueira (do espanhol platino)",lexema,variante-concorrente,não,"Reg (RS) (Michaelis, s.v. morocho); RS (Aulete, s.v. morocho) — Michaelis, verbete ""morocho""; Aulete, verbete ""morocho""",regional-04;regional-06,mantido (marca verificada em fonte),morocha,dicionário geral com marca
morruda,"grande, reforçada, avantajada",lexema,variante-concorrente,não,"Reg (S.) (Michaelis) — Michaelis, verbete ""morrudo""",regional-09,mantido (marca verificada em fonte),morrudo,dicionário geral com marca
morrudo,"grande, avantajado, corpulento",lexema,variante-concorrente,não,"Reg (S.) (Michaelis) — Michaelis, verbete ""morrudo""",regional-07,mantido (marca verificada em fonte),morrudo,dicionário geral com marca
mudara de cancha,"cancha: pista, terreno, paragem (platinismo); mudar de cancha = mudar de pouso",expressão,revisar,não,"Nunes & Nunes, Dicionário de Regionalismos do RS; Houaiss (conferir marca)",regional-05,cortado (anotador 1): coberta pelo lexema cancha,,
mui,"forma fronteiriça de ""muito"" (castelhanismo ""muy""), marca da fala gaúcha",lexema,variante-concorrente,não,"Michaelis, Aulete, Priberam e Dicio, verbete ""mui""",regional-07,cortado (sem atestação nem em léxico especializado),,
muçum,peixe anguiforme escuro; apodo dado ao negro,lexema,variante-concorrente,não,"Michaelis, verbete 'muçum' (sm Zool, peixe Synbranchus marmoratus, 'que ocorre desde o México até a Argentina'); Aulete, verbete 'muçum' ('Bras. Zool. Peixe da ",regional-06,cortado (verificação: sem marca diatópica atestada),,
na cola,"logo atrás, no encalço (expressão campeira)",expressão,revisar,não,"Nunes & Nunes, Dicionário de Regionalismos do RS; Houaiss (conferir marca)",regional-07,mantido (anotador 1) — aguarda veto do autor,na cola,
nhandu,"ema, a avestruz americana (do guarani)",lexema,realia,não,"Romaguera Corrêa, Vocabulario Sul Rio-Grandense (1898, texto integral no archive.org): 'Nhandú, subs. m.: nome tupi do abestruz, ou antes alteração do tupi — ñandú, abestruz...' Também em Callage (1926): 'NHANDÚ, subs. avestruz. E'' voc. da lingua tupy', e no glossário Colafina & Cascagrossa: 'NHANDU, s. Nome tupi da ema e do avestruz.'",regional-08,mantido (léxico gauchesco especializado),nhandu,léxico especializado
no ora-veja,"ficar logrado, a ver navios",expressão,revisar,não,"Nunes & Nunes, Dicionário de Regionalismos do RS; Houaiss (conferir marca)",regional-08,mantido (anotador 1) — aguarda veto do autor,no ora-veja,
no soflagrante,"no mesmo instante, imediatamente",expressão,revisar,não,"Nunes & Nunes, Dicionário de Regionalismos do RS; Houaiss (conferir marca)",regional-06,mantido (anotador 1) — aguarda veto do autor,no soflagrante,
o cavalar,"o equino, a espécie cavalar (uso substantivado campeiro)",expressão,revisar,não,"Nunes & Nunes, Dicionário de Regionalismos do RS; Houaiss (conferir marca)",regional-03,cortado (anotador 1): uso geral substantivado,,
obra assim de braça e meia de sol,medida de tempo pela altura do sol sobre o horizonte,expressão,revisar,não,"Nunes & Nunes, Dicionário de Regionalismos do RS; Houaiss (conferir marca)",regional-09,mantido (anotador 1) — aguarda veto do autor,obra assim de braça e meia de sol,
orelhana,rês sem marca nem sinal de orelha; animal não assinalado,lexema,variante-concorrente,não,"Reg (S.) (Michaelis, s.v. orelhano) — Michaelis, verbete ""orelhano""",regional-05,mantido (marca verificada em fonte),orelhana,dicionário geral com marca
pagos,"o torrão natal, a região onde se vive — léxico gaúcho por excelência",lexema,variante-concorrente,não,"Reg (RS) [mais usado no plural] (Michaelis) — Michaelis, verbete ""pago³""",regional-05,mantido (marca verificada em fonte),pagos,dicionário geral com marca
paisano,"homem do campo, conterrâneo, camarada (platinismo)",lexema,variante-concorrente,não,"Glossário compilado Colafina & Cascagrossa (que incorpora o glossário das obras de SLN revisado por Aurélio Buarque de Holanda e os dicionários de Nunes/Bossle): 'PAISANO, adj. Do mesmo país. || Amigo, camarada. || Camponês, não militar.' Também no Vocabulário Gaúcho do blog Maragato (comp. Otávio Peixoto de Melo): 'Paisano: natural do mesmo país.'",regional-06,mantido (léxico gauchesco especializado),paisano,léxico especializado
pampa,"planície campestre aberta do sul; aqui no feminino, uso regional ('uma pampa aberta')",lexema,variante-concorrente,não,"Romaguera Corrêa, Vocabulário Sul Rio-Grandense (1898), s.v. PAMPA: ""subs. m. (mais usado no plural): as vastas e extensas planícies do Rio Grande e do Prata, cobertas quase sempre de suculentas pastagens"". Também no Dicionário Gaúcho do blog Colafina & Cascagrossa (compilação que incorpora o glossário de Aurélio Buarque de Holanda às obras de Simões Lopes Neto): ""PAMPA, s. Denominação dada às vas",regional-05,mantido (léxico gauchesco especializado); FLAG: homografia parcial — conferência manual de contexto na medição,pampa,léxico especializado
parelha,"igual, uniforme, pareja (moçada parelha = rapaziada toda do mesmo nível)",lexema,variante-concorrente,não,"Nunes & Nunes, Dicionário de Regionalismos do RS; Houaiss (conferir marca)",regional-01,cortado (anotador 1): homografia (uso geral),,
parelheiros,cavalos de corrida em cancha reta ('compositor de parelheiros' = preparador/treinador desses cavalos),lexema,realia,não,"RS (Aulete) — Aulete, verbete ""parelheiro"" (acepção 1: ""RS Cavalo de corrida""); Michaelis, verbete ""parelheiro"" (sem marca)",regional-04,mantido (marca verificada em fonte),parelheiro,dicionário geral com marca
passo,"vau, lugar de travessia de rio ou arroio",lexema,variante-concorrente,não,"Nunes & Nunes, Dicionário de Regionalismos do RS; Houaiss (conferir marca)",regional-09,cortado (anotador 1): homografia com palavra comum (passo),,
pelego,"pele de ovelha com lã, usada sobre os arreios",lexema,realia,não,"Romaguera Corrêa (1898), s.v. PELLEGO: ""pelle do carneiro. O pellego convenientemente amaciado e quasi sempre tingido é usado não só em cima do lombilho ou selim, para commodo do cavalleiro, como tambem substitue o xergão nos arreios dos campeiros pobres"". Também Colafina & Cascagrossa: ""PELEGO, s. Pele de carneiro ou de ovelha, de forma retangular, com a lã natural, que se coloca sobre os arreios",regional-01,mantido (léxico gauchesco especializado),pelego,léxico especializado
pelegos,"peles de ovelha com lã, postas sobre os arreios e usadas como cama",lexema,realia,não,"Michaelis, verbete ""pelego""; Aulete, verbete ""pelego""; Priberam, verbete ""pelego""",regional-07;regional-09,cortado (verificação: sem marca diatópica atestada),,
peleia,"briga, combate (do espanhol pelea)",lexema,variante-concorrente,não,"Reg (RS) (Michaelis) — Michaelis, verbete ""peleia"" (acepções 1 ""Briga armada ou não; contenda"" e 2 ""Combate entre forças beligerantes"", ambas sob ""Reg (RS)""); Aulete, verbete ""peleia"" (marca ""RS SC"")",regional-06,mantido (marca verificada em fonte),peleia,dicionário geral com marca
peleou,"de pelear: lutou, combateu (castelhanismo gaúcho)",lexema,variante-concorrente,não,"Reg (RS) (Michaelis) — Michaelis, verbete ""peleia"" (acepções 1 ""Briga armada ou não; contenda"" e 2 ""Combate entre forças beligerantes"", ambas sob ""Reg (RS)""); Aulete, verbete ""peleia"" (marca ""RS SC"")",regional-02,mantido (marca verificada em fonte),peleia,dicionário geral com marca
picaço,cavalo de pelagem escura com malhas brancas na testa e nas patas,lexema,realia,não,"Roque Callage, Vocabulário Gaúcho (1926), s.v. PICAÇO: ""diz-se do cavallo (qualquer animal cavallar) que tem o corpo preto e a testa e as patas brancas. Ha algumas variedades desse pêlo"". Também Romaguera Corrêa (1898), s.v. PICASSO: ""animal picasso, o que tem o corpo preto, a testa e os pés brancos, ou então somente a testa dessa côr""; e Colafina & Cascagrossa: ""PICAÇO, adj. Diz-se do cavalo de p",regional-08,mantido (léxico gauchesco especializado),picaço,léxico especializado
piguancha,"china moça, rapariga jovem",lexema,variante-concorrente,não,"Reg (S.) (Michaelis) — Michaelis, verbete ""piguancha"" (acepção 1: ""Reg (S.) Mulher jovem""); Aulete, verbete ""piguancha"" (""RS Mulher jovem; CHINA; CHINOCA"")",regional-04,mantido (marca verificada em fonte),piguancha,dicionário geral com marca
pitar,fumar,lexema,variante-concorrente,não,"Dicionário Gaúcho do blog Colafina & Cascagrossa (compilação que incorpora o glossário de Aurélio Buarque de Holanda às obras de Simões Lopes Neto): ""PITAR, v. Fumar."" Também no Vocabulário Gaúcho de Otávio Peixoto de Melo (página tradicionalista Maragato Assessoramento, 845 verbetes): ""PITAR: Fumar.""",regional-01,mantido (léxico gauchesco especializado),pitar,léxico especializado
pitavam,fumavam (cigarro de palha ou cachimbo),lexema,variante-concorrente,não,"Michaelis, verbete ""pitar"" (""Aspirar tabaco ou fumo; fumar"", sem marca); Aulete, verbete ""pitar"" (""Bras.""); Priberam, verbete ""pitar"" (""[Brasil] Fumar cachimbo""",regional-07,cortado (verificação: sem marca diatópica atestada),,
piá,"menino, criança (do guarani; sul do Brasil)",lexema,variante-concorrente,não,"(Brasil e Sul do Brasil) (Wikcionário); Reg (RS, SC) (Michaelis, na acepção ""menor... que trabalha como peão de estância"") — Wikcionário pt, verbete ""piá""; Michaelis, verbete ""piá""; Aulete, verbete ""piá""; Priberam, verbete ""piá""",regional-06,mantido (marca verificada em fonte),piá,dicionário geral com marca
ponta de gado,"lote, porção de gado",expressão,revisar,não,"Nunes & Nunes, Dicionário de Regionalismos do RS; Houaiss (conferir marca)",regional-05,mantido (anotador 1) — aguarda veto do autor,ponta de gado,
porongo,cabaça grande usada como vasilha (água ou mate),lexema,variante-concorrente,não,"Reg (RS) (Michaelis, acepção 2 ""Cuia de chimarrão""); ""RS Artesn. Cuia us. para tomar chimarrão"" (Aulete) — Michaelis, verbete ""porongo""; Aulete, verbete ""porongo""",regional-07,mantido (marca verificada em fonte),porongo,dicionário geral com marca
potrada,"coletivo: conjunto de potros, cavalhada nova",lexema,variante-concorrente,não,"Nunes & Nunes, Dicionário de Regionalismos do RS; Houaiss (conferir marca)",regional-05,"cortado (anotador 1, 2ª passada): coletivo transparente",,
priscou,"priscar: escapar num salto súbito, disparar",lexema,variante-concorrente,não,"Reg (S.) (Michaelis) — Michaelis, verbete ""priscar""",regional-08,mantido (marca verificada em fonte),priscar,dicionário geral com marca
quadrilha,"lote/tropilha de cavalos, em geral de mesma pelagem",lexema,variante-concorrente,não,"Nunes & Nunes, Dicionário de Regionalismos do RS; Houaiss (conferir marca)",regional-05,cortado (anotador 1): homografia (quadrilha = bando),,
quebralhão,"farrista, dado a quebras e estropícios",lexema,variante-concorrente,não,"Nunes & Nunes, Dicionário de Regionalismos do RS; Houaiss (conferir marca)",regional-02,"cortado (anotador 1, 2ª passada): raro, atestação fraca",,
querências,"paragens de apego, lugares onde se vive ou pasta o animal",lexema,variante-concorrente,não,"por ext, Reg (RS) (Michaelis, acepção 2) — Michaelis, verbete ""querência""",regional-02;regional-05,mantido (marca verificada em fonte),querência,dicionário geral com marca
rebenque,"chicote curto de cavaleiro, de cabo com argola",lexema,variante-concorrente,não,"Romaguera Corrêa (1898), s.v. REBENQUE: ""chicote curto, tendo quasi sempre o cabo coberto de couro ou retovado, como se diz em linguagem rio-grandense ou campeira. É palavra castelhana"". Também Colafina & Cascagrossa: ""REBENQUE, s. Chicote curto, com o cabo retovado, com uma palma de couro na extremidade. Pequeno relho"".",regional-04,mantido (léxico gauchesco especializado),rebenque,léxico especializado
reboleira,moita arredondada e cerrada de mato,lexema,variante-concorrente,não,"Dicionário Gaúcho do blog Colafina & Cascagrossa (compilação com o glossário de Aurélio Buarque de Holanda às obras de Simões Lopes Neto): ""REBOLEIRA, s. Touceira de ervas ou de arbustos."" Também no Vocabulário Gaúcho de Otávio Peixoto de Melo (Maragato Assessoramento): ""REBOLEIRA: Touceira de arbustos e galhos arbóreos.""",regional-09,mantido (léxico gauchesco especializado),reboleira,léxico especializado
refugou,"(o cavalo) esquivou-se, espantou-se, recusou (uso campeiro)",lexema,variante-concorrente,não,"Michaelis, verbete 'refugar' (acp. 2 'Esquivar-se a entrar em curral...' e 3 'Recusar-se (animal) a continuar caminho' — sem marca; acp. 4 'Reg (S.) Apartar (an",regional-06,cortado (verificação: sem marca diatópica atestada),,
reiúnos,cavalos do Estado (marcados com a marca do rei); na expressão 'chovesse reiúnos acolherados' = chovesse torrencialmente,lexema,realia,não,"Reg (S.) (Michaelis, bloco sm, acepções 1–4) — Michaelis, verbete ""reiúno""",regional-02,mantido (marca verificada em fonte),reiúno,dicionário geral com marca
ressolana,"soalheira, reverberação quente do sol",lexema,variante-concorrente,não,"Reg (RS) (Michaelis) — Michaelis, verbete ""ressolana""",regional-07,mantido (marca verificada em fonte),ressolana,dicionário geral com marca
restinga,faixa ou capão de mato à beira d'água em meio ao campo,lexema,variante-concorrente,não,"Nunes & Nunes, Dicionário de Regionalismos do RS; Houaiss (conferir marca)",regional-09,cortado (anotador 1): homografia (termo geográfico padrão),,
retovadas,"encapadas/forradas de couro cru (retovar, platinismo)",lexema,variante-concorrente,não,"Reg (RS) (Michaelis) — Michaelis, verbete ""retovar""",regional-03,mantido (marca verificada em fonte),retovadas,dicionário geral com marca
rincão,"canto de campo, recanto afastado de uma estância",lexema,variante-concorrente,não,"Reg (RS) (Michaelis, acepções 2, 3 e 4) — Michaelis, verbete ""rincão""",regional-04;regional-08,mantido (marca verificada em fonte),rincão,dicionário geral com marca
roncolho,"animal mal castrado; como insulto, homem falho, azarento",lexema,variante-concorrente,não,"Vocabulário Gaúcho de Otávio Peixoto de Melo (página de vocabulário tradicionalista do RS, Maragato Assessoramento, 845 verbetes): ""RONCOLHO: Animal mal castrado, que tem só um testículo."" Corroborado indiretamente por Romaguera Corrêa (1898), que usa a palavra como sinônimo definidor no verbete TOURÚNO: ""roncolho; o que é mal castrado... Diz-se do cavallo, boi e carneiro"".",regional-04,mantido (léxico gauchesco especializado),roncolho,léxico especializado
ruano,cavalo de pelagem clara com crina e cauda esbranquiçadas,lexema,variante-concorrente,não,"Glossário 'Dicionário Gaúcho' do blog Colafina & Cascagrossa (compilação que incorpora o glossário de Contos Gauchescos e Lendas do Sul revisto por Aurélio Buarque de Holanda): 'RUANO, adj. Diz-se do cavalo de pelo alazão-claro, com a crina e a cola de cor amarelo-clara, quase branca, ou branca.' Também em Romaguera Correa, Vocabulario Sul Rio-Grandense (1898): 'cavallo ruano, o que é, em geral, m",regional-04,mantido (léxico gauchesco especializado),ruano,léxico especializado
ruanos,"ruano: pelagem equina clara, com crina e cauda mais claras que o corpo",lexema,variante-concorrente,não,"Michaelis, verbetes ""ruano"" (remete a ""ruão"") e ""ruão""; Aulete (aulete.com.br/ruano); Priberam (dicionario.priberam.org/ruano)",regional-05,cortado (verificação: sem marca diatópica atestada),,
salseiro,"briga generalizada, entrevero, tumulto",lexema,variante-concorrente,não,"Glossário 'Dicionário Gaúcho' do blog Colafina & Cascagrossa (compilação que incorpora o glossário de Contos Gauchescos e Lendas do Sul revisto por Aurélio Buarque de Holanda): 'SALSEIRO, s. Conflito, briga, peleia, rolo, desordem, balbúrdia, barulho, charivari.' Definição corroborada em outros vocabulários gauchescos online ('conflito, peleia de muitas pessoas – rixa').",regional-06,mantido (léxico gauchesco especializado),salseiro,léxico especializado
sampou,"arremessou, atirou com força",lexema,variante-concorrente,não,"Reg (S.) (Michaelis) — Michaelis, verbete ""sampar""",regional-06,mantido (marca verificada em fonte),sampar,dicionário geral com marca
sangas,"arroios pequenos, escavações por onde corre água",lexema,variante-concorrente,não,"Reg (RS, SC) (Michaelis, acepção 2) — Michaelis, verbete ""sanga¹""",regional-08,mantido (marca verificada em fonte),sanga,dicionário geral com marca
sem liga,"sem sorte no jogo (liga = sorte, veia)",expressão,revisar,não,"Nunes & Nunes, Dicionário de Regionalismos do RS; Houaiss (conferir marca)",regional-04,mantido (anotador 1) — aguarda veto do autor,sem liga,
sesteada,"sesta, descanso na hora de mais calor",lexema,variante-concorrente,não,"Reg (RS) (Michaelis) — Michaelis, verbete ""sesteada""",regional-09,mantido (marca verificada em fonte),sesteada,dicionário geral com marca
sesteando,dormindo a sesta (uso campeiro),lexema,variante-concorrente,não,"Reg (RS) (Michaelis) — Michaelis, verbete ""sesteada""",regional-07,mantido (marca verificada em fonte),sesteada,dicionário geral com marca
sogas,cordas ou tiras de couro cru (platinismo),lexema,variante-concorrente,não,"Reg (RS) (Michaelis, acepção 5) — Michaelis, verbete ""soga""",regional-03,mantido (marca verificada em fonte),soga,dicionário geral com marca
solito,"sozinho, sem companhia (castelhanismo)",lexema,variante-concorrente,não,"(Bras., Sul) (Aulete) — Aulete (aulete.com.br/solito), verbete original: ""solito Adj. || (Bras., Sul) o mesmo que sozinho. F. cast. Solo.""; Michaelis, verbete ""solito"" (remete a ""só"", sem marca)",regional-09,mantido (marca verificada em fonte),solito,dicionário geral com marca
suerte,queda com o lado chato para baixo: lance vencedor,lexema,variante-concorrente,não,"nenhuma (vocábulo ausente dos dicionários gerais; atestado como gauchesco) — Michaelis (""O verbete não foi encontrado""), Aulete (""Não foi encontrado o verbete 'suerte'"") e Priberam (""Palavra não encontrada""); atestação gauchesca: Dicionário Gaúcho — Vocábulos e expressões gauchescas (colafinaecascagrossa.blogspot.com), verbete SUERTE: ""O contrário de culo no jogo de osso ou tava. Posição em que, caindo o osso, o jogador ganha a partida.""; e o próprio conto ""Jogo do osso"" (Contos Gauchescos, 1912, Wikisource): ""Suerte é quando o lado chato fica embaixo: ganha logo e sempre.""",regional-04,mantido (marca verificada em fonte),suerte,dicionário geral com marca
taba,"osso do garrão da rês (astrágalo) usado no jogo do osso; por extensão, o próprio jogo",lexema,realia,não,"Reg (RS) (Michaelis, s.v. tava, com ""Var: taba""); ""(Bras., Rio Grande do Sul) var. de tava"" (Aulete, verbete original, s.v. taba²) — Michaelis, verbetes ""taba"" e ""tava""; Aulete digital, verbete ""taba"" (verbete original Caldas Aulete) e ""tava"" (atualizado: ""RS Lud.""); Schlee, Dicionário da Cultura Pampeana Sul-Rio-Grandense (2019), s.v. TABA (PLAT), cita SL",regional-04,mantido (marca verificada em fonte),taba,dicionário geral com marca
tacuruzais,"terrenos cobertos de tacurus, montículos de cupim em campo alagadiço",lexema,variante-concorrente,não,"""(Bras., Sul)"" (Aulete, verbete original) — Aulete digital, verbete ""tacuruzal"": 's. m. || (Bras., Sul) grande extensão de terreno, em que há tacurus'; Schlee (2019), s.v. TACURUZAL (PLAT) [n/d]: 'Cupinzal. Lugar ocupado por uma grande quantidade de tacurus (SL)'",regional-08,mantido (marca verificada em fonte),tacuruzal,dicionário geral com marca
tambeiras,"terneiras ou vacas mansas de leite, criadas no tambo",lexema,variante-concorrente,não,"Reg (S.) (Michaelis) — Michaelis, verbete ""tambeira"": 'sf Reg (S.) Novilha mansa'; cf. ""tambeiro"": 'Reg (S.) Diz-se de ou novilho cuja mãe foi leiteira e tornou-se manso'",regional-04,mantido (marca verificada em fonte),tambeira,dicionário geral com marca
terneirote,"terneiro (bezerro) já crescido; de ternero, esp. platino",lexema,variante-concorrente,não,"nenhuma em dicionário geral (vocábulo ausente de Michaelis, Aulete, Priberam, Dicio e Wikcionário); atestado em dicionário regional sul-rio-grandense — Schlee, Dicionário da Cultura Pampeana Sul-Rio-Grandense (2019), s.v. TERNEIROTE → TERNEROTE: 'Terneiro muito novo (ou de sobreano) (SL, AJ)' — SL = Simões Lopes Neto entre as fontes de abonação",regional-03,mantido (marca verificada em fonte),terneirote,dicionário geral com marca
tocava,"tocar: conduzir, tanger (carreta, tropa, gado) — uso campeiro",lexema,variante-concorrente,não,"Nunes & Nunes, Dicionário de Regionalismos do RS; Houaiss (conferir marca)",regional-05,cortado (anotador 1): homografia (verbo comum),,
torena,"peão campeiro, gaúcho de lida",lexema,variante-concorrente,não,"""RS"" (Aulete, verbete atualizado); ""(Bras., Sul)"" (Aulete, verbete original) — Aulete digital, verbete ""torena"" (atualizado, marca RS; cita 'O negrinho do pastoreio' e 'Correr eguada', in Contos gauchescos); Michaelis, verbete ""torena"" (sem marca regional); Romaguera Corrêa (1898): 'individuo valente e destemido'; Schlee (2019): 'homem hábil, guapo, destemido (SL, FP)'",regional-03,mantido (marca verificada em fonte),torena,dicionário geral com marca
tostado,"pelagem escura-avermelhada de cavalo; aqui, o cavalo predileto do barão",lexema,variante-concorrente,não,"Aulete, verbete 'tostado' (acp. 4 'Diz-se de cavalo que tem pelo em tons escuros' e acp. 6 'Cavalo cujo pelo é um pouco mais escuro que a pelagem do alazão'; or",regional-01;regional-04,cortado (verificação: sem marca diatópica atestada),,
traíra,faca pequena e gasta do homem do campo,lexema,variante-concorrente,não,"nenhuma em dicionário geral para a acepção de faca (Michaelis, Aulete, Dicio e Wikcionário só trazem peixe/traidor); atestada em dicionário regional sul-rio-grandense — Schlee, Dicionário da Cultura Pampeana Sul-Rio-Grandense (2019), s.v. TRAÍRA: '// Facão de longa lâmina, também chamado de peixeira, em outras regiões do país (SL)'; compilação de dicionários gauchescos (Colafina & Cascagrossa, a partir de Nunes & Nunes/Bossle): 'TRAÍRA, s. Faca, facão.'",regional-01,mantido (marca verificada em fonte); FLAG: homografia parcial — conferência manual de contexto na medição,traíra,dicionário geral com marca
trevais,"campos cobertos de trevo, pastagem típica da campanha",lexema,variante-concorrente,não,"Nunes & Nunes, Dicionário de Regionalismos do RS; Houaiss (conferir marca)",regional-02,"cortado (anotador 1): composicional, sem marca diatópica",,
tropeava,conduzir tropas de gado; trabalhar como tropeiro,lexema,variante-concorrente,não,"""(Bras., Rio Grande do Sul)"" (Aulete, verbete original, s.v. tropear²) — Aulete digital, verbete ""tropear²"": original 'v. intr. || (Bras., Rio Grande do Sul) fazer oficio de tropeiro. || Conduzir uma tropa de gado'; atualizado: 'Bras. 1. Trabalhar como tropeiro 2. Conduzir tropa de gado'; Schlee (2019): 'Conduzir, levar adiante uma tropa... (AM, SL)'",regional-09,mantido (marca verificada em fonte),tropear,dicionário geral com marca
tropilha,lote de cavalos de mesma pelagem que andam juntos,lexema,realia,não,"Reg (GO, MS, S.) (Michaelis) — Michaelis, verbete ""tropilha"": '1 Reg (GO, MS, S.) Conjunto de cavalos que têm o mesmo pelame e que acompanham uma égua madrinha'; Schlee (2019): 'Conjunto de 6 a 12 cavalos do mesmo pelo (... SL ...)'",regional-01,mantido (marca verificada em fonte),tropilha,dicionário geral com marca
troteada,jornada a cavalo feita a trote; cavalgada longa,lexema,variante-concorrente,não,"[Regionalismo: Sul] (Dicio) — Dicio, verbete ""troteada"": 'substantivo feminino [Regionalismo: Sul] Ato de trotear. Caminhada ou viajada longa, a trote.'; Michaelis (sem marca: 'V trotada; Caminhada ou viagem longa, a trote'); Aulete ('Bras.'); Priberam ('[Brasil]'); Schlee (2019): 'Andada, viajada, jornada desenvolvida a cavalo (JH, SL)'",regional-09,mantido (marca verificada em fonte),troteada,dicionário geral com marca
três-marias,nome gaúcho das boleadeiras de três pedras,lexema,variante-concorrente,não,"[Brasil: Sul] (Priberam); (Rio Grande do Sul) (Aulete, verbete original); Reg (RS) (Michaelis, s.v. boleadeiras, remissão da acp. 4 de três-marias) — Michaelis s.v. três-marias (acp. 4 'V boleadeiras') e s.v. boleadeiras; Aulete s.v. três-marias; Priberam s.v. três-marias (acp. 3)",regional-03,mantido (marca verificada em fonte),três-marias,dicionário geral com marca
tuco-tuco,roedor escavador dos campos do sul,lexema,variante-concorrente,não,"Nunes & Nunes, Dicionário de Regionalismos do RS; Houaiss (conferir marca)",regional-08,"cortado (anotador 1, 2ª passada): zoônimo de registro zoológico geral",,
vancê,você; tratamento oral campeiro (forma dialetal),lexema,variante-concorrente,não,"Glossário 'Dicionário Gaúcho' do blog Colafina & Cascagrossa (compilação que incorpora o glossário de Contos Gauchescos e Lendas do Sul revisto por Aurélio Buarque de Holanda): 'VANCÊ, pron. tratamento. Você. É, no Rio Grande do Sul, tratamento usado, usualmente, do patrão para o peão.'",regional-03,mantido (léxico gauchesco especializado),vancê,léxico especializado
vedores,"os que olham o jogo, assistentes, mirones",lexema,variante-concorrente,não,"Nunes & Nunes, Dicionário de Regionalismos do RS; Houaiss (conferir marca)",regional-04,"cortado (anotador 1, 2ª passada): homografia com vedor (inspetor) do português geral",,
zaino,cavalo de pelagem castanho-escura uniforme,lexema,realia,não,"Glossário 'Dicionário Gaúcho' do blog Colafina & Cascagrossa (compilação que incorpora o glossário de Contos Gauchescos e Lendas do Sul revisto por Aurélio Buarque de Holanda): 'ZAINO, adj. Diz-se do animal cavalar ou muar de pelo castanho escuro.' Também em Romaguera Correa, Vocabulario Sul Rio-Grandense (1898): 'Zaino, a, adj.: pêlo ou côr de castanha, carregada, porém menos que o escuro e mais ",regional-09,mantido (léxico gauchesco especializado),zaino,léxico especializado
à soga,preso por soga (corda ou tira de couro de atar cavalo),expressão,revisar,não,"Reg (RS) (Michaelis, acepção 5) — Michaelis, verbete ""soga""",regional-07,mantido (marca verificada em fonte),soga,dicionário geral com marca
