country,#variant,a008,a165,e018,e025,f063,f118,f120,g006,y002,y003
Albania,variant 0,2,2,1,2,7,5,5,1,1,1
Albania,variant 1,2,2,1,2,7,7,5,1,1,1
Albania,variant 2,2,2,1,2,7,8,7,1,1,1
Albania,variant 3,2,2,1,2,7,5,5,1,1,1
Albania,variant 4,2,2,1,2,7,3,5,1,1,1
Albania,variant 5,2,2,1,2,7,5,7,1,1,1
Albania,variant 6,2,2,1,2,7,5,5,1,1,1
Albania,variant 7,2,2,1,2,7,5,5,1,1,1
Albania,variant 8,2,2,1,2,7,8,7,1,1,1
Albania,variant 9,2,2,1,1,7,10,7,1,1,1
Algeria,variant 0,2,2,1,2,10,1,3,1,1,-1
Algeria,variant 1,2,2,1,2,10,1,3,1,2,1
Algeria,variant 2,2,2,1,2,10,1,3,1,1,0
Algeria,variant 3,2,2,1,2,10,1,3,1,1,1
Algeria,variant 4,2,2,1,2,10,1,2,1,1,0
Algeria,variant 5,2,2,1,2,10,1,3,1,1,0
Algeria,variant 6,2,2,1,2,10,1,3,1,1,-1
Algeria,variant 7,2,2,1,2,10,1,2,1,1,-1
Algeria,variant 8,2,2,1,2,10,1,3,1,2,0
Algeria,variant 9,2,2,1,2,10,1,3,1,2,1
Andorra,variant 0,1,1,1,2,7,10,5,1,1,2
Andorra,variant 1,1,1,1,2,7,10,5,1,1,1
Andorra,variant 2,1,1,1,2,7,10,5,1,3,2
Andorra,variant 3,1,1,1,2,7,10,5,1,1,2
Andorra,variant 4,1,2,1,2,7,8,5,1,1,2
Andorra,variant 5,1,1,1,2,7,10,5,1,2,2
Andorra,variant 6,1,1,1,2,7,8,5,1,1,2
Andorra,variant 7,1,1,1,2,6,9,5,1,2,2
Andorra,variant 8,1,1,1,1,7,10,5,1,1,2
Andorra,variant 9,1,1,1,2,7,10,5,1,3,2
Argentina,variant 0,2,2,3,1,7,10,7,1,1,2
Argentina,variant 1,2,2,3,2,7,10,7,1,1,2
Argentina,variant 2,1,2,3,1,7,10,7,1,1,2
Argentina,variant 3,2,2,1,2,7,10,7,1,1,2
Argentina,variant 4,2,2,1,2,7,10,7,1,1,2
Argentina,variant 5,2,2,1,1,7,10,7,1,1,2
Argentina,variant 6,2,2,3,2,7,10,7,1,1,2
Argentina,variant 7,2,2,1,2,7,10,7,1,1,2
Argentina,variant 8,1,2,1,1,7,10,8,1,1,2
Argentina,variant 9,2,2,3,2,7,10,8,1,2,2
Armenia,variant 0,2,2,1,2,9,5,5,1,1,1
Armenia,variant 1,2,2,1,2,8,5,5,1,1,1
Armenia,variant 2,2,2,1,2,8,10,7,1,1,1
Armenia,variant 3,2,2,1,2,9,3,5,1,1,1
Armenia,variant 4,2,2,1,2,9,3,5,1,1,1
Armenia,variant 5,2,2,1,2,10,3,5,1,1,1
Armenia,variant 6,2,2,1,2,8,3,5,1,1,1
Armenia,variant 7,2,2,1,2,8,1,5,1,1,1
Armenia,variant 8,2,2,1,2,9,5,5,1,1,1
Armenia,variant 9,2,2,1,1,8,10,7,1,3,1
Australia,variant 0,1,2,1,1,5,10,7,1,1,2
Australia,variant 1,1,2,2,1,5,10,7,1,2,2
Australia,variant 2,1,2,1,1,5,10,8,1,3,2
Australia,variant 3,1,2,2,1,5,10,7,1,1,2
Australia,variant 4,1,2,2,1,5,10,7,1,1,2
Australia,variant 5,1,2,1,1,5,10,8,1,1,2
Australia,variant 6,2,2,1,1,5,10,7,1,2,2
Australia,variant 7,1,2,2,1,5,10,7,1,1,2
Australia,variant 8,1,2,1,1,5,10,8,1,3,2
Australia,variant 9,1,2,3,1,4,10,8,1,3,2
Austria,variant 0,1,2,3,2,5,10,6,1,1,2
Austria,variant 1,1,2,3,2,5,10,7,1,1,2
Austria,variant 2,1,2,3,1,5,10,7,1,1,2
Austria,variant 3,1,2,2,2,5,10,7,1,1,2
Austria,variant 4,1,2,1,1,5,10,7,1,1,2
Austria,variant 5,1,2,1,1,5,10,8,1,1,2
Austria,variant 6,2,2,2,2,5,10,7,1,1,2
Austria,variant 7,1,2,1,2,5,10,7,2,1,2
Austria,variant 8,1,2,1,1,6,10,8,1,1,2
Austria,variant 9,1,1,3,1,5,10,8,2,2,2
Azerbaijan,variant 0,2,2,1,2,8,3,5,1,1,1
Azerbaijan,variant 1,2,2,1,2,8,1,4,1,1,1
Azerbaijan,variant 2,2,2,1,2,8,1,5,1,1,1
Azerbaijan,variant 3,2,2,1,2,8,1,5,1,1,1
Azerbaijan,variant 4,2,2,1,2,8,1,4,1,1,1
Azerbaijan,variant 5,2,2,1,2,8,1,5,1,1,1
Azerbaijan,variant 6,2,2,1,2,8,1,5,1,1,1
Azerbaijan,variant 7,2,2,1,2,8,1,4,1,1,1
Azerbaijan,variant 8,1,2,1,2,8,1,5,1,1,1
Azerbaijan,variant 9,2,2,1,2,8,5,5,1,1,1
Bangladesh,variant 0,2,2,1,2,10,3,5,1,1,1
Bangladesh,variant 1,2,2,1,2,10,5,5,1,1,-1
Bangladesh,variant 2,1,2,1,2,10,7,5,1,1,1
Bangladesh,variant 3,2,2,1,2,10,1,3,1,1,-1
Bangladesh,variant 4,2,2,1,2,10,1,3,1,1,-1
Bangladesh,variant 5,1,2,1,2,10,5,4,1,1,-1
Bangladesh,variant 6,2,2,1,2,10,3,3,1,1,-1
Bangladesh,variant 7,2,2,1,2,10,1,3,1,1,-1
Bangladesh,variant 8,2,2,1,2,10,5,3,1,1,1
Bangladesh,variant 9,2,2,1,2,10,8,5,1,2,1
Belarus,variant 0,2,2,3,2,6,5,5,2,1,1
Belarus,variant 1,2,2,3,2,5,5,5,1,2,1
Belarus,variant 2,2,2,3,2,7,5,6,1,1,2
Belarus,variant 3,2,2,1,2,5,5,5,2,1,1
Belarus,variant 4,2,2,3,2,5,3,5,1,1,1
Belarus,variant 5,2,2,3,2,6,3,7,2,1,1
Belarus,variant 6,2,2,1,2,5,5,5,2,1,1
Belarus,variant 7,2,2,3,2,6,5,5,2,1,1
Belarus,variant 8,2,2,3,2,7,5,7,2,1,1
Belarus,variant 9,2,2,3,2,7,10,7,2,3,2
Belgium,variant 0,2,2,2,2,5,10,7,2,1,2
Belgium,variant 1,1,2,1,1,5,10,7,2,1,2
Belgium,variant 2,1,1,1,1,5,10,8,2,1,2
Belgium,variant 3,1,2,1,1,5,10,7,2,1,2
Belgium,variant 4,1,2,1,1,5,10,7,2,1,2
Belgium,variant 5,1,2,1,1,5,10,8,2,1,2
Belgium,variant 6,2,2,1,2,5,10,7,2,1,2
Belgium,variant 7,1,2,1,1,5,10,7,2,2,2
Belgium,variant 8,1,2,1,1,5,10,8,2,2,2
Belgium,variant 9,1,1,3,1,5,10,8,2,2,2
Bolivia,variant 0,2,2,1,2,9,7,5,1,1,1
Bolivia,variant 1,1,2,1,2,9,8,5,1,1,1
Bolivia,variant 2,1,2,1,2,9,10,5,1,1,1
Bolivia,variant 3,2,2,1,2,8,7,5,1,1,1
Bolivia,variant 4,2,2,1,2,9,5,5,1,1,1
Bolivia,variant 5,1,2,1,1,9,8,5,1,2,1
Bolivia,variant 6,2,2,1,2,9,7,5,1,1,1
Bolivia,variant 7,1,2,1,2,9,6,3,1,1,1
Bolivia,variant 8,1,2,1,2,9,10,5,1,1,1
Bolivia,variant 9,1,2,1,1,9,10,5,1,2,1
Bosnia_Herzegovina,variant 0,2,2,1,2,8,5,5,2,1,1
Bosnia_Herzegovina,variant 1,2,2,1,2,7,5,5,2,1,1
Bosnia_Herzegovina,variant 2,2,2,1,2,7,7,7,1,1,2
Bosnia_Herzegovina,variant 3,2,2,1,2,7,5,5,2,1,1
Bosnia_Herzegovina,variant 4,2,2,1,2,7,4,5,2,1,1
Bosnia_Herzegovina,variant 5,2,2,1,2,8,7,5,1,1,1
Bosnia_Herzegovina,variant 6,2,2,1,2,7,5,5,2,1,1
Bosnia_Herzegovina,variant 7,2,2,1,2,8,3,5,2,1,1
Bosnia_Herzegovina,variant 8,2,2,1,2,8,5,6,1,1,1
Bosnia_Herzegovina,variant 9,2,2,1,2,7,7,5,2,1,1
Brazil,variant 0,2,2,1,2,8,10,5,2,1,2
Brazil,variant 1,1,2,1,1,8,10,5,2,1,1
Brazil,variant 2,1,2,1,1,8,10,7,1,1,2
Brazil,variant 3,2,2,1,2,8,10,5,1,1,2
Brazil,variant 4,2,2,1,2,8,10,5,1,1,2
Brazil,variant 5,1,2,1,1,8,10,5,1,1,2
Brazil,variant 6,2,2,1,2,8,10,5,2,1,2
Brazil,variant 7,1,2,1,1,8,10,5,1,1,2
Brazil,variant 8,1,2,1,1,8,10,5,1,1,2
Brazil,variant 9,1,2,3,1,8,10,7,2,1,2
Bulgaria,variant 0,2,2,3,2,6,7,6,1,1,1
Bulgaria,variant 1,2,2,1,2,7,10,7,1,1,2
Bulgaria,variant 2,2,2,1,1,7,10,7,1,1,2
Bulgaria,variant 3,2,2,1,2,6,5,7,1,1,1
Bulgaria,variant 4,2,2,1,2,6,5,7,1,1,1
Bulgaria,variant 5,2,2,1,1,7,10,7,1,2,2
Bulgaria,variant 6,2,2,1,2,6,5,6,1,1,2
Bulgaria,variant 7,2,2,1,2,7,5,6,1,1,1
Bulgaria,variant 8,2,2,1,1,7,8,8,1,2,2
Bulgaria,variant 9,2,2,3,1,7,10,8,2,1,2
Burkina_Faso,variant 0,2,2,1,2,10,1,3,1,1,0
Burkina_Faso,variant 1,2,2,1,2,10,1,3,1,1,1
Burkina_Faso,variant 2,2,2,1,2,10,1,3,1,1,1
Burkina_Faso,variant 3,2,2,1,2,10,3,3,1,1,1
Burkina_Faso,variant 4,2,2,1,2,10,1,2,1,1,-1
Burkina_Faso,variant 5,2,2,1,2,10,1,3,1,1,1
Burkina_Faso,variant 6,2,2,1,2,10,1,3,1,1,1
Burkina_Faso,variant 7,2,2,1,2,10,1,3,1,1,0
Burkina_Faso,variant 8,2,2,1,2,10,1,3,1,1,1
Burkina_Faso,variant 9,2,2,1,2,10,5,5,1,1,1
Canada,variant 0,1,2,3,1,5,10,7,1,2,2
Canada,variant 1,1,2,2,1,5,10,8,1,3,2
Canada,variant 2,1,2,1,1,7,10,7,1,3,2
Canada,variant 3,1,1,1,1,5,10,7,1,3,2
Canada,variant 4,1,2,2,1,5,10,7,1,2,2
Canada,variant 5,1,2,1,1,5,10,8,1,3,2
Canada,variant 6,1,2,1,2,5,10,7,1,2,2
Canada,variant 7,1,2,2,1,5,10,7,1,2,2
Canada,variant 8,1,2,1,1,7,10,8,1,3,2
Canada,variant 9,1,2,3,1,7,10,8,1,3,2
Chile,variant 0,2,2,1,2,7,10,6,1,1,2
Chile,variant 1,1,2,3,2,7,10,7,1,2,2
Chile,variant 2,1,2,3,1,7,10,7,1,2,2
Chile,variant 3,2,2,1,2,7,8,6,1,1,1
Chile,variant 4,2,2,1,2,7,8,5,1,1,1
Chile,variant 5,1,2,1,1,7,10,7,1,2,2
Chile,variant 6,2,2,1,2,7,8,5,1,1,2
Chile,variant 7,2,2,1,2,7,10,7,1,1,1
Chile,variant 8,1,2,1,2,7,10,7,1,1,2
Chile,variant 9,1,2,3,1,7,10,8,1,2,2
China,variant 0,2,2,1,2,3,7,7,1,1,1
China,variant 1,2,2,1,2,3,7,7,1,1,1
China,variant 2,1,2,1,2,3,8,7,1,1,1
China,variant 3,2,2,1,2,3,5,7,1,1,1
China,variant 4,2,2,1,2,3,5,7,1,1,1
China,variant 5,2,2,1,3,1,7,7,1,1,1
China,variant 6,2,2,1,2,2,6,7,1,1,1
China,variant 7,2,2,1,3,3,5,7,1,1,1
China,variant 8,2,2,1,2,3,8,7,1,1,1
China,variant 9,1,2,1,2,3,10,7,1,1,1
Colombia,variant 0,1,2,1,2,8,8,5,1,1,2
Colombia,variant 1,1,2,1,2,8,10,5,1,1,2
Colombia,variant 2,1,2,1,2,8,10,7,1,1,2
Colombia,variant 3,2,2,1,2,8,8,5,1,1,1
Colombia,variant 4,1,2,1,2,9,8,5,1,1,1
Colombia,variant 5,1,2,1,1,8,10,7,1,1,1
Colombia,variant 6,2,2,1,2,8,8,5,1,1,2
Colombia,variant 7,1,2,1,2,9,8,5,1,1,1
Colombia,variant 8,1,2,1,2,8,10,7,1,1,1
Colombia,variant 9,1,2,1,1,8,10,7,1,2,2
Croatia,variant 0,2,2,1,2,7,7,6,1,2,2
Croatia,variant 1,2,2,3,2,7,10,7,1,1,2
Croatia,variant 2,1,2,1,1,7,10,7,1,2,2
Croatia,variant 3,2,2,1,2,7,7,6,1,1,2
Croatia,variant 4,2,2,1,2,7,7,5,1,2,1
Croatia,variant 5,2,2,1,1,7,10,7,1,2,2
Croatia,variant 6,2,2,1,2,7,7,6,1,1,2
Croatia,variant 7,2,2,1,1,7,7,5,1,1,1
Croatia,variant 8,2,2,1,1,7,10,7,1,1,2
Croatia,variant 9,1,2,3,2,7,10,7,1,2,2
Cyprus,variant 0,1,2,1,1,8,8,5,1,1,1
Cyprus,variant 1,1,2,1,1,8,8,5,1,1,1
Cyprus,variant 2,1,2,1,1,8,10,7,1,2,1
Cyprus,variant 3,2,2,1,2,8,7,5,1,1,1
Cyprus,variant 4,2,2,1,2,8,7,5,1,1,1
Cyprus,variant 5,1,2,1,1,8,10,7,1,1,1
Cyprus,variant 6,2,2,1,2,8,7,5,1,1,2
Cyprus,variant 7,1,2,1,2,7,7,5,1,1,1
Cyprus,variant 8,1,2,1,1,8,10,7,1,2,2
Cyprus,variant 9,1,2,1,1,7,10,7,1,3,2
Czechia,variant 0,2,2,3,1,3,10,7,2,1,2
Czechia,variant 1,2,2,3,1,3,10,7,2,1,2
Czechia,variant 2,1,2,3,1,4,10,7,1,2,2
Czechia,variant 3,2,2,3,1,3,9,7,2,1,1
Czechia,variant 4,2,2,3,2,3,8,7,2,1,1
Czechia,variant 5,1,2,1,1,4,10,8,2,2,2
Czechia,variant 6,2,2,2,2,3,10,7,2,1,2
Czechia,variant 7,2,2,2,1,3,8,7,2,1,2
Czechia,variant 8,1,2,3,1,3,10,8,1,2,2
Czechia,variant 9,1,2,3,1,4,10,8,2,2,2
Denmark,variant 0,1,1,3,2,3,10,8,1,1,2
Denmark,variant 1,1,1,3,1,3,10,8,1,3,2
Denmark,variant 2,1,1,3,1,4,10,9,1,3,2
Denmark,variant 3,1,1,2,1,3,10,8,1,3,2
Denmark,variant 4,1,1,3,1,4,10,8,1,3,2
Denmark,variant 5,1,1,2,1,3,10,9,1,3,2
Denmark,variant 6,1,1,2,2,3,10,8,1,2,2
Denmark,variant 7,1,1,3,1,3,10,8,1,3,2
Denmark,variant 8,1,1,2,1,4,10,8,1,3,2
Denmark,variant 9,1,1,3,1,4,10,8,1,3,2
Ecuador,variant 0,1,2,1,2,8,7,5,1,1,1
Ecuador,variant 1,1,2,1,2,9,10,5,1,1,1
Ecuador,variant 2,1,2,1,2,9,10,5,1,1,1
Ecuador,variant 3,1,2,1,2,8,8,5,1,1,1
Ecuador,variant 4,1,2,1,2,9,7,5,1,1,1
Ecuador,variant 5,1,2,1,1,9,10,5,1,1,1
Ecuador,variant 6,1,2,1,2,8,7,5,1,1,1
Ecuador,variant 7,1,2,1,2,9,8,5,1,1,1
Ecuador,variant 8,1,2,1,1,9,10,5,1,1,2
Ecuador,variant 9,1,2,1,1,8,10,5,1,1,2
Estonia,variant 0,1,2,2,2,3,8,7,1,2,2
Estonia,variant 1,1,2,3,2,3,10,7,1,2,2
Estonia,variant 2,1,2,3,2,3,10,7,1,2,2
Estonia,variant 3,2,2,2,2,3,8,7,1,1,2
Estonia,variant 4,2,2,3,2,3,8,7,1,2,2
Estonia,variant 5,1,2,3,1,3,10,8,1,3,2
Estonia,variant 6,2,2,2,2,4,8,7,1,1,2
Estonia,variant 7,2,2,3,1,2,8,7,1,1,2
Estonia,variant 8,1,2,3,2,3,10,7,1,2,2
Estonia,variant 9,1,2,3,1,3,10,8,1,3,2
Ethiopia,variant 0,2,2,1,2,10,1,5,1,1,0
Ethiopia,variant 1,2,2,1,2,10,1,4,1,2,0
Ethiopia,variant 2,1,2,1,2,10,1,5,1,1,1
Ethiopia,variant 3,2,2,1,2,10,1,3,1,1,0
Ethiopia,variant 4,2,2,1,2,10,1,3,1,1,0
Ethiopia,variant 5,1,2,1,2,10,1,5,1,1,0
Ethiopia,variant 6,2,2,1,2,10,1,5,1,1,0
Ethiopia,variant 7,2,2,1,2,10,1,3,1,1,0
Ethiopia,variant 8,2,2,1,2,10,1,5,1,1,0
Ethiopia,variant 9,2,2,1,2,10,1,5,1,2,0
Finland,variant 0,1,1,2,1,4,10,8,1,1,2
Finland,variant 1,1,1,3,1,4,10,8,1,1,2
Finland,variant 2,1,1,3,1,4,10,8,1,3,2
Finland,variant 3,1,1,2,1,4,10,8,1,1,2
Finland,variant 4,1,1,2,1,4,10,8,1,1,2
Finland,variant 5,1,1,1,1,4,10,8,1,1,2
Finland,variant 6,1,1,2,2,4,10,8,1,1,2
Finland,variant 7,1,1,2,1,4,10,8,1,1,2
Finland,variant 8,1,1,1,1,4,10,8,1,2,2
Finland,variant 9,1,1,3,1,4,10,8,1,3,2
France,variant 0,2,2,3,1,5,10,7,2,1,2
France,variant 1,1,2,3,1,4,10,7,2,1,2
France,variant 2,1,2,1,1,5,10,8,1,1,2
France,variant 3,2,2,3,2,5,10,7,2,1,2
France,variant 4,2,2,3,1,4,10,8,2,1,2
France,variant 5,1,2,1,1,4,10,8,1,1,2
France,variant 6,2,2,3,1,4,10,7,2,1,2
France,variant 7,2,2,3,1,4,10,8,2,1,2
France,variant 8,1,2,1,1,5,10,8,1,1,2
France,variant 9,1,2,3,1,4,10,8,2,3,2
Georgia,variant 0,2,2,1,2,8,5,5,1,2,1
Georgia,variant 1,1,2,1,2,8,8,5,1,2,1
Georgia,variant 2,1,2,1,2,10,8,5,1,2,1
Georgia,variant 3,2,2,1,2,8,5,5,1,1,1
Georgia,variant 4,1,2,1,2,10,5,5,1,1,1
Georgia,variant 5,1,2,1,2,10,5,5,1,2,1
Georgia,variant 6,2,2,1,2,8,5,5,1,1,1
Georgia,variant 7,1,2,1,2,9,5,5,1,1,1
Georgia,variant 8,1,2,1,2,10,8,5,1,2,1
Georgia,variant 9,2,2,1,2,9,10,5,1,3,2
Germany,variant 0,2,2,3,2,5,10,7,2,1,2
Germany,variant 1,2,2,3,1,5,10,7,2,1,2
Germany,variant 2,1,2,1,1,5,10,7,2,2,2
Germany,variant 3,2,2,3,1,5,10,7,2,1,2
Germany,variant 4,2,2,1,1,5,10,7,2,1,2
Germany,variant 5,1,2,1,1,4,10,7,2,1,2
Germany,variant 6,2,2,1,2,5,10,7,2,2,2
Germany,variant 7,2,2,2,2,4,10,7,2,2,2
Germany,variant 8,1,2,1,1,5,10,7,2,1,2
Germany,variant 9,1,1,3,1,4,10,7,2,2,2
Ghana,variant 0,2,2,1,2,10,1,5,1,1,0
Ghana,variant 1,1,2,1,2,10,1,5,1,1,0
Ghana,variant 2,1,2,1,2,10,5,5,1,1,1
Ghana,variant 3,2,2,1,2,10,1,4,1,1,0
Ghana,variant 4,1,2,1,2,10,1,3,1,1,-1
Ghana,variant 5,1,2,1,2,10,1,4,1,1,1
Ghana,variant 6,2,2,1,2,10,1,5,1,1,0
Ghana,variant 7,2,2,1,2,10,1,4,1,1,0
Ghana,variant 8,1,2,1,2,10,1,5,1,1,1
Ghana,variant 9,2,2,1,1,10,7,5,1,2,1
Great_Britain,variant 0,2,2,1,2,5,10,7,2,1,2
Great_Britain,variant 1,2,2,1,1,5,10,7,2,1,1
Great_Britain,variant 2,1,2,1,1,4,10,7,2,1,2
Great_Britain,variant 3,2,2,1,2,5,10,7,2,1,2
Great_Britain,variant 4,2,2,1,1,5,10,7,2,1,1
Great_Britain,variant 5,1,2,1,1,4,10,7,2,1,2
Great_Britain,variant 6,2,2,1,1,5,10,7,2,1,2
Great_Britain,variant 7,2,2,1,2,4,10,7,2,1,2
Great_Britain,variant 8,1,2,1,1,4,10,7,2,1,2
Great_Britain,variant 9,1,2,3,1,4,10,8,2,3,2
Greece,variant 0,2,2,3,1,8,8,7,1,2,2
Greece,variant 1,2,2,1,2,8,10,7,1,2,2
Greece,variant 2,1,2,1,1,7,10,7,1,2,2
Greece,variant 3,2,2,1,2,8,10,7,1,1,2
Greece,variant 4,2,2,1,1,8,8,6,1,2,1
Greece,variant 5,1,2,1,1,8,10,7,1,2,2
Greece,variant 6,2,2,1,2,7,8,7,1,2,2
Greece,variant 7,2,2,1,1,8,8,6,1,2,1
Greece,variant 8,1,2,1,1,7,10,7,1,2,1
Greece,variant 9,1,2,3,1,8,10,7,1,3,2
Guatemala,variant 0,1,2,1,2,10,7,3,1,1,1
Guatemala,variant 1,1,2,1,2,10,7,3,1,1,1
Guatemala,variant 2,1,2,1,1,10,10,3,1,1,1
Guatemala,variant 3,1,2,1,2,10,7,3,1,1,1
Guatemala,variant 4,1,2,1,2,10,5,2,1,1,1
Guatemala,variant 5,1,2,1,2,10,8,3,1,1,1
Guatemala,variant 6,2,2,1,2,10,5,3,1,1,1
Guatemala,variant 7,1,2,1,2,10,5,3,1,1,1
Guatemala,variant 8,1,2,1,2,10,8,3,1,1,1
Guatemala,variant 9,1,2,1,2,9,10,5,1,1,1
Haiti,variant 0,3,2,1,2,10,3,3,1,1,0
Haiti,variant 1,2,2,1,2,10,5,3,1,1,0
Haiti,variant 2,2,2,1,2,10,7,5,1,1,0
Haiti,variant 3,3,2,1,2,10,3,3,1,1,0
Haiti,variant 4,3,2,1,2,10,1,3,1,1,0
Haiti,variant 5,2,2,1,2,10,3,3,1,1,0
Haiti,variant 6,3,2,1,2,10,1,3,1,1,0
Haiti,variant 7,3,2,1,2,10,1,3,1,1,0
Haiti,variant 8,2,2,1,2,10,1,3,1,1,0
Haiti,variant 9,2,2,1,2,10,7,5,1,2,1
Hong_Kong_SAR,variant 0,2,2,3,2,5,10,5,2,3,1
Hong_Kong_SAR,variant 1,2,2,3,2,5,10,7,2,3,1
Hong_Kong_SAR,variant 2,1,2,3,2,5,10,5,2,3,2
Hong_Kong_SAR,variant 3,2,2,3,2,5,8,5,2,1,2
Hong_Kong_SAR,variant 4,2,2,1,2,5,7,6,2,1,2
Hong_Kong_SAR,variant 5,2,2,3,2,5,10,7,2,3,2
Hong_Kong_SAR,variant 6,2,2,1,2,5,8,5,2,3,1
Hong_Kong_SAR,variant 7,2,2,1,1,5,8,7,2,3,1
Hong_Kong_SAR,variant 8,2,2,3,2,5,10,7,2,3,1
Hong_Kong_SAR,variant 9,2,2,3,1,5,10,7,2,3,2
Hungary,variant 0,2,2,3,2,6,8,6,2,1,1
Hungary,variant 1,2,2,3,2,7,8,5,1,1,2
Hungary,variant 2,1,2,3,1,7,10,7,1,1,2
Hungary,variant 3,2,2,2,2,6,7,6,1,1,1
Hungary,variant 4,2,2,1,2,6,5,6,1,1,1
Hungary,variant 5,2,2,1,1,7,10,7,1,1,1
Hungary,variant 6,2,2,1,2,6,7,6,1,1,2
Hungary,variant 7,2,2,1,2,5,8,6,1,1,1
Hungary,variant 8,2,2,1,2,7,10,7,1,1,2
Hungary,variant 9,2,2,3,1,7,10,7,1,2,2
Iceland,variant 0,1,1,3,1,3,10,8,1,3,2
Iceland,variant 1,1,1,3,1,3,10,8,1,3,2
Iceland,variant 2,1,1,3,1,3,10,9,1,3,2
Iceland,variant 3,1,1,3,1,4,10,8,1,2,2
Iceland,variant 4,1,1,3,1,3,10,8,1,2,2
Iceland,variant 5,1,1,3,1,3,10,9,1,3,2
Iceland,variant 6,1,1,2,2,3,10,8,1,1,2
Iceland,variant 7,1,1,3,1,3,10,8,1,2,2
Iceland,variant 8,1,1,3,2,3,10,9,1,3,2
Iceland,variant 9,1,1,3,1,3,10,9,1,3,2
India,variant 0,2,2,1,2,8,8,5,1,1,1
India,variant 1,2,2,1,1,8,10,5,1,1,1
India,variant 2,1,2,1,2,8,10,7,1,1,1
India,variant 3,2,2,1,2,8,8,5,1,1,1
India,variant 4,2,2,1,2,9,7,5,1,1,1
India,variant 5,1,2,1,2,8,10,7,1,1,1
India,variant 6,2,2,1,2,8,8,5,1,1,1
India,variant 7,2,2,1,2,8,8,5,1,1,1
India,variant 8,1,2,1,2,8,10,7,1,1,1
India,variant 9,1,2,1,2,8,10,7,1,2,1
Indonesia,variant 0,2,2,1,2,10,5,4,1,1,-1
Indonesia,variant 1,1,2,1,2,10,5,5,1,1,1
Indonesia,variant 2,1,2,1,1,10,7,5,1,1,0
Indonesia,variant 3,2,2,1,2,10,5,5,1,1,-1
Indonesia,variant 4,2,2,1,2,10,3,3,1,1,-1
Indonesia,variant 5,1,2,1,2,10,5,3,1,1,-1
Indonesia,variant 6,2,2,1,2,10,5,5,1,1,-1
Indonesia,variant 7,1,2,1,2,10,1,3,1,1,-1
Indonesia,variant 8,1,2,1,2,10,5,5,1,1,-1
Indonesia,variant 9,1,2,1,2,10,7,3,1,1,1
Iran,variant 0,2,2,3,2,9,1,4,2,1,1
Iran,variant 1,2,2,3,2,8,1,4,1,2,1
Iran,variant 2,2,2,3,2,10,1,4,1,2,1
Iran,variant 3,2,2,3,2,9,1,3,1,1,-1
Iran,variant 4,2,2,3,2,10,1,3,1,2,-1
Iran,variant 5,2,2,3,2,10,1,3,1,1,-1
Iran,variant 6,2,2,1,2,9,1,3,1,1,-1
Iran,variant 7,3,2,1,2,9,1,3,1,2,-1
Iran,variant 8,2,2,3,2,8,1,3,1,1,1
Iran,variant 9,2,2,3,2,8,5,4,1,2,1
Iraq,variant 0,3,2,1,2,10,1,3,1,1,-1
Iraq,variant 1,3,2,1,2,10,1,3,1,1,-1
Iraq,variant 2,2,2,1,2,10,1,2,1,1,0
Iraq,variant 3,3,2,1,2,10,1,1,1,1,-1
Iraq,variant 4,3,2,1,2,10,1,2,1,1,0
Iraq,variant 5,2,2,1,2,10,1,1,1,1,0
Iraq,variant 6,3,2,1,2,10,1,2,1,1,-1
Iraq,variant 7,3,2,1,2,10,1,2,1,1,-1
Iraq,variant 8,3,2,1,2,10,1,1,1,1,0
Iraq,variant 9,3,2,1,2,10,1,3,1,1,0
Ireland,variant 0,1,2,3,2,7,10,7,1,2,1
Ireland,variant 1,1,2,1,1,7,10,7,1,2,1
Ireland,variant 2,1,2,1,1,7,10,8,1,3,2
Ireland,variant 3,1,2,1,2,6,10,7,1,2,2
Ireland,variant 4,1,2,1,2,7,10,7,1,2,1
Ireland,variant 5,1,2,1,1,7,10,7,1,2,1
Ireland,variant 6,1,2,1,1,7,10,7,1,2,2
Ireland,variant 7,1,2,1,1,7,10,7,1,2,1
Ireland,variant 8,1,2,1,1,7,10,8,1,3,2
Ireland,variant 9,1,2,3,1,7,10,8,1,3,2
Italy,variant 0,2,2,1,2,7,10,7,1,1,2
Italy,variant 1,1,2,1,1,7,10,6,1,1,2
Italy,variant 2,1,2,1,1,7,10,7,1,1,2
Italy,variant 3,2,2,1,1,7,10,7,1,1,2
Italy,variant 4,2,2,1,2,7,8,6,1,1,1
Italy,variant 5,1,2,1,1,7,10,7,1,1,1
Italy,variant 6,2,2,1,2,7,10,6,1,1,1
Italy,variant 7,2,2,1,1,7,10,7,1,1,2
Italy,variant 8,1,2,1,1,7,10,7,1,1,2
Italy,variant 9,1,2,3,1,7,10,7,1,2,2
Japan,variant 0,2,2,1,2,3,8,7,2,1,1
Japan,variant 1,2,2,1,2,3,8,7,2,1,1
Japan,variant 2,2,2,1,2,3,10,7,1,1,1
Japan,variant 3,2,2,1,2,2,8,7,1,1,1
Japan,variant 4,2,2,1,2,2,8,6,2,1,1
Japan,variant 5,2,2,1,2,3,10,7,1,1,1
Japan,variant 6,2,2,1,2,3,8,6,2,1,1
Japan,variant 7,2,2,1,2,2,7,7,2,1,1
Japan,variant 8,2,2,1,2,3,10,7,1,1,1
Japan,variant 9,2,2,1,1,3,10,7,1,1,1
Jordan,variant 0,2,2,1,2,10,1,3,1,1,0
Jordan,variant 1,2,2,1,2,10,1,2,1,1,0
Jordan,variant 2,2,2,1,2,10,1,3,1,2,0
Jordan,variant 3,2,2,1,2,10,1,3,1,1,0
Jordan,variant 4,2,2,1,2,10,1,1,1,1,0
Jordan,variant 5,2,2,1,2,10,1,2,1,2,0
Jordan,variant 6,2,2,1,2,10,1,2,1,1,-1
Jordan,variant 7,2,2,1,2,10,1,1,1,1,0
Jordan,variant 8,2,2,1,2,10,1,3,1,2,0
Jordan,variant 9,2,2,1,2,10,1,3,1,1,0
Kazakhstan,variant 0,2,2,1,2,7,3,5,1,1,1
Kazakhstan,variant 1,2,2,1,2,7,5,5,1,1,1
Kazakhstan,variant 2,1,2,1,2,8,7,5,1,1,1
Kazakhstan,variant 3,2,2,1,2,7,4,5,1,1,1
Kazakhstan,variant 4,2,2,1,2,7,3,5,1,1,1
Kazakhstan,variant 5,1,2,1,2,7,5,5,1,1,1
Kazakhstan,variant 6,2,2,1,2,7,3,5,1,1,1
Kazakhstan,variant 7,2,2,1,2,7,1,5,1,1,1
Kazakhstan,variant 8,1,2,1,2,7,5,5,1,1,1
Kazakhstan,variant 9,2,2,1,2,7,7,5,1,1,1
Kenya,variant 0,2,2,1,2,10,3,5,1,1,0
Kenya,variant 1,1,2,1,2,10,1,4,1,1,1
Kenya,variant 2,2,2,1,2,10,3,3,1,2,1
Kenya,variant 3,2,2,1,2,10,1,3,1,1,0
Kenya,variant 4,2,2,1,2,10,1,3,1,1,0
Kenya,variant 5,1,2,1,2,10,1,3,1,1,1
Kenya,variant 6,2,2,1,2,10,1,3,1,1,1
Kenya,variant 7,2,2,1,2,10,1,3,1,1,0
Kenya,variant 8,1,2,1,2,10,5,3,1,1,1
Kenya,variant 9,1,2,1,2,10,7,5,1,2,1
Kosovo,variant 0,2,2,1,2,8,5,5,1,1,1
Kosovo,variant 1,2,2,1,2,8,5,5,1,1,1
Kosovo,variant 2,2,2,1,1,8,10,7,1,1,1
Kosovo,variant 3,2,2,1,2,8,5,5,1,1,1
Kosovo,variant 4,2,2,1,2,9,5,5,1,1,1
Kosovo,variant 5,2,2,1,2,8,8,5,1,1,1
Kosovo,variant 6,2,2,1,2,8,3,5,1,1,1
Kosovo,variant 7,2,2,1,2,8,5,5,1,1,1
Kosovo,variant 8,2,2,1,2,8,8,5,1,1,1
Kosovo,variant 9,2,2,1,1,8,10,7,1,2,2
Kyrgyzstan,variant 0,2,2,1,2,8,3,5,1,1,1
Kyrgyzstan,variant 1,2,2,1,2,8,1,5,1,1,1
Kyrgyzstan,variant 2,2,2,1,2,8,5,5,1,1,1
Kyrgyzstan,variant 3,2,2,1,2,8,3,5,1,1,1
Kyrgyzstan,variant 4,2,2,1,2,8,1,5,1,1,1
Kyrgyzstan,variant 5,2,2,1,2,8,1,5,1,2,1
Kyrgyzstan,variant 6,2,2,1,2,8,1,5,1,1,1
Kyrgyzstan,variant 7,2,2,1,2,8,1,4,1,1,1
Kyrgyzstan,variant 8,2,2,1,2,8,1,5,1,1,1
Kyrgyzstan,variant 9,2,2,1,2,8,7,5,1,1,1
Latvia,variant 0,2,2,1,2,5,8,6,1,1,1
Latvia,variant 1,2,2,1,2,5,8,7,1,2,2
Latvia,variant 2,1,2,3,2,5,10,7,1,2,2
Latvia,variant 3,2,2,1,1,5,7,5,1,1,2
Latvia,variant 4,2,2,1,2,5,6,6,1,1,2
Latvia,variant 5,2,2,1,1,5,9,7,1,1,2
Latvia,variant 6,2,2,1,2,5,7,6,1,1,2
Latvia,variant 7,2,2,1,2,5,7,6,1,1,2
Latvia,variant 8,2,2,1,1,5,10,7,1,2,2
Latvia,variant 9,2,2,3,1,5,10,7,1,1,2
Lebanon,variant 0,3,2,3,2,8,5,5,1,1,1
Lebanon,variant 1,3,2,3,2,9,7,5,1,1,0
Lebanon,variant 2,3,2,1,2,9,7,5,1,1,0
Lebanon,variant 3,3,2,1,2,9,5,5,1,1,1
Lebanon,variant 4,3,2,1,2,9,4,4,1,1,0
Lebanon,variant 5,3,2,1,2,9,5,5,1,1,0
Lebanon,variant 6,3,2,1,2,10,5,5,1,1,1
Lebanon,variant 7,3,2,1,2,9,5,4,1,1,0
Lebanon,variant 8,3,2,1,2,9,5,5,1,1,0
Lebanon,variant 9,3,2,1,2,9,8,5,1,1,1
Libya,variant 0,3,2,1,2,10,1,3,1,1,-1
Libya,variant 1,2,2,1,2,10,1,1,1,1,0
Libya,variant 2,2,2,1,2,10,1,1,1,2,0
Libya,variant 3,3,2,1,2,10,1,1,1,1,-1
Libya,variant 4,3,2,1,2,10,1,1,1,1,-1
Libya,variant 5,2,2,1,2,10,1,1,1,2,0
Libya,variant 6,3,2,1,2,10,1,1,1,1,-1
Libya,variant 7,3,2,1,2,10,1,1,1,1,-1
Libya,variant 8,3,2,1,2,10,1,1,1,1,0
Libya,variant 9,3,2,1,2,10,1,3,1,2,1
Lithuania,variant 0,2,2,1,2,7,7,7,1,1,1
Lithuania,variant 1,2,2,1,1,7,8,7,1,1,2
Lithuania,variant 2,1,2,1,2,6,10,7,1,2,2
Lithuania,variant 3,2,2,1,2,6,7,5,1,1,2
Lithuania,variant 4,2,2,1,2,6,7,6,1,1,1
Lithuania,variant 5,1,2,1,1,6,8,7,1,2,2
Lithuania,variant 6,2,2,1,2,6,7,5,1,2,1
Lithuania,variant 7,2,2,1,2,5,7,6,1,1,1
Lithuania,variant 8,1,2,1,2,6,10,7,1,2,2
Lithuania,variant 9,1,2,3,1,7,10,7,1,2,2
Luxembourg,variant 0,1,1,1,2,5,10,7,1,2,2
Luxembourg,variant 1,1,1,2,1,6,10,7,1,1,2
Luxembourg,variant 2,1,1,1,1,5,10,7,1,2,2
Luxembourg,variant 3,1,1,2,2,5,10,7,1,2,2
Luxembourg,variant 4,1,1,2,2,5,10,7,1,1,2
Luxembourg,variant 5,1,1,1,1,6,10,8,1,2,2
Luxembourg,variant 6,1,1,1,2,5,10,7,1,1,2
Luxembourg,variant 7,1,1,1,1,5,10,7,1,1,2
Luxembourg,variant 8,1,1,1,1,7,10,7,1,1,2
Luxembourg,variant 9,1,1,1,1,7,10,8,1,2,2
Macau_SAR,variant 0,1,2,1,2,5,8,6,1,1,1
Macau_SAR,variant 1,1,2,1,2,7,10,5,1,1,1
Macau_SAR,variant 2,1,2,1,2,7,10,7,1,1,2
Macau_SAR,variant 3,1,2,1,2,5,9,6,1,1,1
Macau_SAR,variant 4,1,2,1,2,5,8,5,1,1,1
Macau_SAR,variant 5,1,2,1,2,7,10,7,1,1,2
Macau_SAR,variant 6,1,2,1,2,5,8,5,1,1,1
Macau_SAR,variant 7,1,2,1,2,5,8,5,2,1,1
Macau_SAR,variant 8,1,2,1,2,7,10,5,1,1,2
Macau_SAR,variant 9,1,2,1,2,5,10,7,1,3,2
Malaysia,variant 0,2,2,1,2,8,5,5,1,1,1
Malaysia,variant 1,1,2,1,1,8,5,5,1,1,1
Malaysia,variant 2,1,2,1,1,8,6,5,1,1,1
Malaysia,variant 3,1,2,1,2,8,5,5,1,1,1
Malaysia,variant 4,2,2,1,2,8,3,5,1,1,1
Malaysia,variant 5,1,2,1,2,8,5,5,1,1,0
Malaysia,variant 6,2,2,1,2,8,3,5,1,1,1
Malaysia,variant 7,2,2,1,2,8,5,5,1,1,1
Malaysia,variant 8,1,2,1,1,8,7,5,1,1,1
Malaysia,variant 9,1,2,1,2,8,7,5,1,1,1
Maldives,variant 0,1,2,1,2,10,1,3,1,1,0
Maldives,variant 1,1,2,1,2,10,1,3,1,1,0
Maldives,variant 2,1,2,1,2,10,1,3,1,1,0
Maldives,variant 3,1,2,1,2,10,1,3,1,1,0
Maldives,variant 4,1,2,1,2,10,1,2,1,1,0
Maldives,variant 5,1,2,1,2,10,1,3,1,1,0
Maldives,variant 6,1,2,1,2,10,1,3,1,1,-1
Maldives,variant 7,1,2,1,2,10,1,3,1,1,0
Maldives,variant 8,1,2,1,2,10,1,3,1,1,0
Maldives,variant 9,1,2,1,2,10,1,5,1,2,1
Mali,variant 0,2,2,1,2,10,1,1,1,1,0
Mali,variant 1,2,2,1,2,10,1,1,1,1,1
Mali,variant 2,1,2,1,2,10,1,1,1,1,1
Mali,variant 3,2,2,1,2,10,1,1,1,1,0
Mali,variant 4,2,2,1,2,10,1,1,1,1,-1
Mali,variant 5,2,2,1,2,10,1,1,1,1,1
Mali,variant 6,2,2,1,2,10,1,3,1,1,0
Mali,variant 7,2,2,1,2,10,1,1,1,1,0
Mali,variant 8,2,2,1,2,10,1,1,1,1,1
Mali,variant 9,2,2,1,2,10,1,3,1,1,1
Malta,variant 0,1,2,1,1,8,10,3,1,1,2
Malta,variant 1,1,2,1,1,8,10,3,1,1,2
Malta,variant 2,1,2,1,1,8,10,1,1,2,1
Malta,variant 3,1,2,1,1,8,10,1,1,1,2
Malta,variant 4,1,2,1,2,8,10,1,1,1,1
Malta,variant 5,1,2,1,1,8,10,1,1,1,1
Malta,variant 6,1,2,1,2,8,10,1,1,1,1
Malta,variant 7,1,2,1,2,8,10,1,1,2,1
Malta,variant 8,1,2,1,1,8,10,1,1,1,1
Malta,variant 9,1,2,1,1,8,10,3,1,2,2
Mexico,variant 0,1,2,1,2,8,10,6,1,1,1
Mexico,variant 1,1,2,1,2,8,10,7,1,1,1
Mexico,variant 2,1,2,1,1,8,10,7,1,1,2
Mexico,variant 3,2,2,1,2,8,8,7,1,1,1
Mexico,variant 4,1,2,1,2,9,8,5,1,1,1
Mexico,variant 5,1,2,1,2,8,10,7,1,1,1
Mexico,variant 6,1,2,1,2,8,8,5,1,1,1
Mexico,variant 7,1,2,1,2,9,8,5,1,1,1
Mexico,variant 8,1,2,1,2,8,10,7,1,2,1
Mexico,variant 9,1,2,1,1,8,10,7,1,2,2
Moldova,variant 0,2,2,1,2,8,5,5,2,1,1
Moldova,variant 1,2,2,1,2,8,5,5,1,1,1
Moldova,variant 2,2,2,1,2,8,8,7,2,2,1
Moldova,variant 3,2,2,1,2,8,4,5,2,1,1
Moldova,variant 4,2,2,1,2,8,3,5,2,1,1
Moldova,variant 5,2,2,1,1,8,5,6,1,1,1
Moldova,variant 6,2,2,1,2,7,4,5,2,1,1
Moldova,variant 7,2,2,1,2,8,3,5,2,1,1
Moldova,variant 8,2,2,1,2,8,7,7,1,1,1
Moldova,variant 9,2,2,1,1,7,10,7,2,2,1
Mongolia,variant 0,2,2,1,2,7,5,5,1,1,1
Mongolia,variant 1,2,2,1,2,5,7,5,1,1,1
Mongolia,variant 2,2,2,1,2,5,8,7,1,1,1
Mongolia,variant 3,2,2,1,2,5,5,5,1,1,1
Mongolia,variant 4,2,2,1,2,7,5,5,1,1,1
Mongolia,variant 5,1,2,1,2,5,7,7,1,1,1
Mongolia,variant 6,2,2,1,2,7,5,6,1,1,1
Mongolia,variant 7,2,2,1,2,3,5,5,1,1,1
Mongolia,variant 8,1,2,1,2,7,7,7,1,1,1
Mongolia,variant 9,1,2,1,2,7,10,7,1,1,1
Montenegro,variant 0,2,2,1,2,7,5,5,1,1,1
Montenegro,variant 1,2,2,1,2,8,7,5,1,1,1
Montenegro,variant 2,1,2,1,2,8,10,6,1,1,2
Montenegro,variant 3,2,2,1,2,7,5,5,1,1,1
Montenegro,variant 4,2,2,1,2,8,3,5,1,1,1
Montenegro,variant 5,2,2,1,1,7,8,5,1,1,1
Montenegro,variant 6,2,2,1,2,7,5,5,1,1,1
Montenegro,variant 7,2,2,1,2,8,5,5,1,1,1
Montenegro,variant 8,1,2,1,2,7,8,7,1,1,1
Montenegro,variant 9,2,2,3,1,7,10,7,1,1,2
Morocco,variant 0,2,2,1,2,10,1,4,1,2,-1
Morocco,variant 1,1,2,1,2,10,1,3,1,2,0
Morocco,variant 2,1,2,1,2,10,1,3,1,2,0
Morocco,variant 3,2,2,1,2,10,1,3,1,1,-1
Morocco,variant 4,2,2,1,2,10,1,3,1,2,0
Morocco,variant 5,1,2,1,2,10,1,3,1,2,0
Morocco,variant 6,2,2,1,2,10,1,3,1,1,-1
Morocco,variant 7,2,2,1,2,10,1,3,1,2,0
Morocco,variant 8,1,2,1,2,10,1,3,1,2,0
Morocco,variant 9,1,2,1,2,10,7,3,1,2,0
Myanmar,variant 0,3,2,1,2,8,5,4,1,1,1
Myanmar,variant 1,2,2,1,2,7,7,3,1,1,1
Myanmar,variant 2,2,2,3,2,7,8,5,1,1,1
Myanmar,variant 3,3,2,1,2,7,5,3,1,1,1
Myanmar,variant 4,2,2,1,2,8,5,3,1,1,-1
Myanmar,variant 5,3,2,3,2,8,7,3,1,1,1
Myanmar,variant 6,3,2,3,2,5,5,5,1,1,1
Myanmar,variant 7,2,2,1,2,7,5,5,1,1,-1
Myanmar,variant 8,3,2,1,2,8,7,4,1,1,1
Myanmar,variant 9,3,2,3,2,7,10,4,1,3,1
Netherlands,variant 0,1,1,3,1,5,10,7,2,1,2
Netherlands,variant 1,1,1,3,1,4,10,8,2,2,2
Netherlands,variant 2,1,1,2,1,4,10,8,1,1,2
Netherlands,variant 3,1,1,3,1,4,10,7,2,2,2
Netherlands,variant 4,1,1,3,1,4,10,8,2,2,2
Netherlands,variant 5,1,1,2,1,5,10,8,1,1,2
Netherlands,variant 6,1,1,3,2,4,10,8,2,1,2
Netherlands,variant 7,1,1,3,1,4,10,7,2,2,2
Netherlands,variant 8,1,1,3,1,4,10,8,2,2,2
Netherlands,variant 9,1,1,3,1,4,10,8,2,3,2
New_Zealand,variant 0,1,2,1,1,5,10,7,1,3,2
New_Zealand,variant 1,1,2,1,1,5,10,7,1,3,2
New_Zealand,variant 2,1,2,1,1,5,10,8,1,3,2
New_Zealand,variant 3,1,2,1,2,5,10,7,1,3,2
New_Zealand,variant 4,1,2,2,1,5,10,7,1,2,2
New_Zealand,variant 5,1,1,2,1,5,10,8,1,3,2
New_Zealand,variant 6,1,2,2,1,5,10,7,1,3,1
New_Zealand,variant 7,1,1,1,2,5,10,7,1,3,2
New_Zealand,variant 8,1,2,1,1,5,10,8,1,3,2
New_Zealand,variant 9,1,2,1,1,5,10,8,1,3,2
Nicaragua,variant 0,2,2,1,2,9,7,3,1,1,1
Nicaragua,variant 1,1,2,1,2,10,7,3,1,2,1
Nicaragua,variant 2,1,2,3,2,9,10,5,1,2,1
Nicaragua,variant 3,2,2,1,2,9,5,1,1,1,1
Nicaragua,variant 4,2,2,1,2,10,5,1,1,1,-1
Nicaragua,variant 5,1,2,3,2,10,7,1,1,2,1
Nicaragua,variant 6,2,2,1,2,9,5,3,1,1,1
Nicaragua,variant 7,1,2,1,2,10,5,1,1,2,1
Nicaragua,variant 8,1,2,1,2,10,10,3,1,2,1
Nicaragua,variant 9,2,2,3,2,9,10,5,1,2,1
Nigeria,variant 0,2,2,1,2,10,1,4,1,1,1
Nigeria,variant 1,2,2,1,2,10,1,5,1,1,1
Nigeria,variant 2,2,2,1,2,10,5,5,1,1,1
Nigeria,variant 3,2,2,1,2,10,1,3,1,1,1
Nigeria,variant 4,2,2,1,2,10,1,4,1,1,-1
Nigeria,variant 5,1,2,1,2,10,1,5,1,1,1
Nigeria,variant 6,2,2,1,2,10,1,4,1,1,0
Nigeria,variant 7,2,2,1,2,10,1,3,1,1,0
Nigeria,variant 8,2,2,1,2,10,3,5,1,1,0
Nigeria,variant 9,2,2,1,2,10,7,5,1,2,1
North_Ireland,variant 0,1,2,1,2,7,10,5,2,1,1
North_Ireland,variant 1,1,2,1,2,7,10,5,2,3,1
North_Ireland,variant 2,1,2,1,1,7,10,7,1,3,1
North_Ireland,variant 3,2,2,1,2,7,9,5,1,1,2
North_Ireland,variant 4,1,2,1,1,7,8,5,2,1,1
North_Ireland,variant 5,1,2,1,2,7,10,7,1,3,1
North_Ireland,variant 6,2,2,1,2,7,8,5,2,1,1
North_Ireland,variant 7,2,2,1,2,7,10,5,2,3,1
North_Ireland,variant 8,1,2,1,2,7,10,7,1,3,2
North_Ireland,variant 9,1,2,3,1,7,10,7,1,3,2
North_Macedonia,variant 0,2,2,1,2,7,7,6,1,1,1
North_Macedonia,variant 1,2,2,1,2,8,7,7,1,2,2
North_Macedonia,variant 2,2,2,1,2,8,10,7,1,2,1
North_Macedonia,variant 3,2,2,1,2,7,5,5,1,1,1
North_Macedonia,variant 4,2,2,1,2,8,5,5,1,1,1
North_Macedonia,variant 5,1,2,1,2,8,7,7,1,1,1
North_Macedonia,variant 6,2,2,1,2,8,5,5,1,1,1
North_Macedonia,variant 7,2,2,1,2,8,5,5,1,1,1
North_Macedonia,variant 8,2,2,1,2,8,8,7,1,1,1
North_Macedonia,variant 9,2,2,1,2,8,10,7,1,2,1
Northern_Cyprus,variant 0,1,2,1,2,7,7,5,1,1,2
Northern_Cyprus,variant 1,1,2,1,2,7,7,5,1,1,1
Northern_Cyprus,variant 2,1,2,1,2,7,8,5,1,3,2
Northern_Cyprus,variant 3,2,2,1,2,7,5,5,1,1,1
Northern_Cyprus,variant 4,2,2,1,2,7,3,5,1,1,1
Northern_Cyprus,variant 5,1,2,1,2,7,7,5,1,3,2
Northern_Cyprus,variant 6,2,2,1,2,7,5,5,1,1,2
Northern_Cyprus,variant 7,2,2,1,2,7,5,5,1,1,1
Northern_Cyprus,variant 8,1,2,1,2,7,7,5,1,3,2
Northern_Cyprus,variant 9,2,2,1,2,7,10,5,1,3,2
Norway,variant 0,1,1,3,1,4,10,8,1,2,2
Norway,variant 1,1,1,3,2,4,10,7,1,3,2
Norway,variant 2,1,1,2,2,5,10,8,1,3,2
Norway,variant 3,1,1,2,2,4,10,8,1,1,2
Norway,variant 4,1,1,3,1,4,10,8,1,1,2
Norway,variant 5,1,1,2,1,4,10,8,1,3,2
Norway,variant 6,1,1,2,2,4,10,8,1,2,2
Norway,variant 7,1,1,3,2,4,10,8,1,2,2
Norway,variant 8,1,1,2,1,5,10,8,1,2,2
Norway,variant 9,1,1,3,1,4,10,8,1,3,2
Pakistan,variant 0,2,2,1,2,10,1,3,1,1,-1
Pakistan,variant 1,2,2,1,2,10,1,3,1,1,-1
Pakistan,variant 2,2,2,1,2,10,1,3,1,1,-1
Pakistan,variant 3,2,2,1,2,10,1,3,1,1,-1
Pakistan,variant 4,2,2,1,2,10,1,2,1,1,-1
Pakistan,variant 5,2,2,1,2,10,1,3,1,1,-1
Pakistan,variant 6,2,2,1,2,10,1,2,1,1,-1
Pakistan,variant 7,2,2,1,2,10,1,2,1,1,-1
Pakistan,variant 8,2,2,1,2,10,1,3,1,1,-1
Pakistan,variant 9,2,2,1,2,10,1,3,1,1,-1
Palestine,variant 0,3,2,3,2,10,1,3,1,2,0
Palestine,variant 1,3,2,1,2,10,3,3,1,2,0
Palestine,variant 2,3,2,1,2,10,1,3,1,3,0
Palestine,variant 3,3,2,1,2,10,1,3,1,2,0
Palestine,variant 4,3,2,1,2,10,1,2,1,2,0
Palestine,variant 5,3,2,1,1,10,1,3,1,2,0
Palestine,variant 6,3,2,1,2,10,1,3,1,2,0
Palestine,variant 7,3,2,1,1,10,1,3,1,2,-1
Palestine,variant 8,3,2,1,2,10,1,3,1,2,0
Palestine,variant 9,3,2,3,1,10,1,3,1,3,1
Peru,variant 0,2,2,1,2,8,7,5,1,1,1
Peru,variant 1,1,2,1,1,8,10,5,1,1,1
Peru,variant 2,1,2,1,1,8,10,5,1,1,2
Peru,variant 3,2,2,1,2,8,8,5,1,1,1
Peru,variant 4,2,2,1,2,9,7,5,1,1,1
Peru,variant 5,1,2,1,1,8,8,5,1,1,1
Peru,variant 6,2,2,1,2,8,7,5,1,1,1
Peru,variant 7,1,2,1,2,9,8,5,1,1,1
Peru,variant 8,1,2,1,1,8,10,5,1,2,2
Peru,variant 9,1,2,1,1,8,10,6,1,2,2
Philippines,variant 0,1,2,1,2,10,8,4,1,1,1
Philippines,variant 1,1,2,1,2,10,10,3,1,1,1
Philippines,variant 2,1,2,1,2,10,10,5,1,1,1
Philippines,variant 3,1,2,1,2,10,8,3,1,1,1
Philippines,variant 4,1,2,1,2,10,8,3,1,1,-1
Philippines,variant 5,1,2,1,2,10,10,3,1,1,1
Philippines,variant 6,2,2,1,2,10,8,5,1,1,1
Philippines,variant 7,1,2,1,2,10,8,3,1,1,1
Philippines,variant 8,1,2,1,2,10,10,3,1,1,1
Philippines,variant 9,1,2,1,1,10,10,5,1,2,1
Poland,variant 0,2,2,3,2,7,7,5,1,1,1
Poland,variant 1,2,2,1,2,7,10,5,1,1,2
Poland,variant 2,1,2,1,1,7,10,5,1,1,2
Poland,variant 3,2,2,1,2,7,7,5,1,1,1
Poland,variant 4,2,2,1,2,7,5,5,1,1,1
Poland,variant 5,2,2,1,1,7,9,5,1,1,1
Poland,variant 6,2,2,1,2,7,5,5,1,1,1
Poland,variant 7,2,2,1,2,7,7,5,1,1,1
Poland,variant 8,1,2,1,2,7,10,7,1,1,2
Poland,variant 9,1,2,3,1,7,10,7,1,2,2
Portugal,variant 0,1,2,1,2,7,10,7,1,2,2
Portugal,variant 1,1,2,1,1,7,10,7,1,2,2
Portugal,variant 2,1,2,1,1,7,10,8,1,2,2
Portugal,variant 3,1,2,1,1,7,10,7,1,2,2
Portugal,variant 4,2,2,1,1,7,10,7,1,2,1
Portugal,variant 5,1,2,1,1,7,10,8,1,2,2
Portugal,variant 6,2,2,1,2,7,10,7,1,2,2
Portugal,variant 7,1,2,1,1,7,10,7,1,2,2
Portugal,variant 8,1,2,1,1,7,10,8,1,2,2
Portugal,variant 9,1,2,1,1,7,10,8,1,2,2
Puerto_Rico,variant 0,1,2,1,2,8,10,5,1,2,1
Puerto_Rico,variant 1,1,2,1,2,8,10,7,1,2,1
Puerto_Rico,variant 2,1,2,1,1,8,10,7,1,2,2
Puerto_Rico,variant 3,1,2,1,2,8,10,5,1,2,1
Puerto_Rico,variant 4,1,2,1,2,9,8,5,1,2,0
Puerto_Rico,variant 5,1,2,1,1,9,10,5,1,2,1
Puerto_Rico,variant 6,1,2,1,2,8,10,5,1,2,1
Puerto_Rico,variant 7,1,2,1,2,9,10,5,1,3,1
Puerto_Rico,variant 8,1,2,1,1,9,10,7,1,2,1
Puerto_Rico,variant 9,1,2,1,1,8,10,7,1,3,2
Romania,variant 0,2,2,1,2,7,7,6,2,1,1
Romania,variant 1,2,2,3,2,7,8,7,2,1,1
Romania,variant 2,2,2,1,2,8,10,7,1,1,2
Romania,variant 3,2,2,1,2,8,7,6,2,1,1
Romania,variant 4,2,2,1,2,7,5,6,2,1,1
Romania,variant 5,2,2,1,1,7,10,7,1,2,1
Romania,variant 6,2,2,1,2,7,7,5,2,1,1
Romania,variant 7,2,2,1,2,8,7,6,2,1,1
Romania,variant 8,2,2,1,1,7,8,7,1,2,1
Romania,variant 9,2,2,3,1,7,10,7,1,2,2
Russia,variant 0,2,2,1,2,7,5,5,1,1,1
Russia,variant 1,2,2,1,2,7,5,5,1,1,1
Russia,variant 2,2,2,1,2,7,5,5,1,1,2
Russia,variant 3,2,2,1,2,6,3,5,1,1,1
Russia,variant 4,2,2,1,2,6,3,5,1,1,1
Russia,variant 5,2,2,1,2,5,5,6,1,1,1
Russia,variant 6,2,2,1,2,5,3,5,1,1,1
Russia,variant 7,2,2,1,2,5,3,5,1,1,1
Russia,variant 8,2,2,1,2,7,1,6,1,1,2
Russia,variant 9,2,2,3,2,7,10,7,1,1,1
Rwanda,variant 0,2,2,1,2,10,1,5,1,1,1
Rwanda,variant 1,1,2,1,2,10,5,5,1,1,1
Rwanda,variant 2,1,2,1,2,10,5,5,1,1,1
Rwanda,variant 3,2,2,1,2,10,1,5,1,1,1
Rwanda,variant 4,2,2,1,2,10,1,3,1,1,0
Rwanda,variant 5,1,2,1,2,10,5,5,1,1,1
Rwanda,variant 6,2,2,1,2,10,1,3,1,1,1
Rwanda,variant 7,1,2,1,2,10,1,3,1,1,1
Rwanda,variant 8,1,2,1,2,10,5,5,1,1,1
Rwanda,variant 9,1,2,1,2,10,7,5,1,1,1
Serbia,variant 0,2,2,1,2,7,5,5,1,1,1
Serbia,variant 1,2,2,1,2,7,7,7,1,1,1
Serbia,variant 2,2,2,3,1,7,8,7,1,1,2
Serbia,variant 3,2,2,1,2,7,5,6,1,1,1
Serbia,variant 4,2,2,1,2,7,5,5,1,1,1
Serbia,variant 5,2,2,1,2,7,7,7,1,1,2
Serbia,variant 6,2,2,1,2,7,5,5,1,1,1
Serbia,variant 7,2,2,1,2,7,5,5,1,1,1
Serbia,variant 8,2,2,1,2,7,8,7,1,1,1
Serbia,variant 9,2,2,3,1,7,10,7,1,2,2
Singapore,variant 0,1,2,1,2,6,8,5,1,1,2
Singapore,variant 1,1,2,1,2,7,8,6,1,1,2
Singapore,variant 2,1,2,1,2,7,10,7,1,1,2
Singapore,variant 3,2,2,1,2,5,8,6,1,1,1
Singapore,variant 4,2,2,1,2,7,8,5,1,1,1
Singapore,variant 5,1,2,1,1,7,8,7,1,1,2
Singapore,variant 6,2,2,1,2,5,8,5,1,1,2
Singapore,variant 7,2,2,1,2,7,8,5,1,1,1
Singapore,variant 8,1,2,1,2,7,10,7,1,1,2
Singapore,variant 9,1,2,1,2,7,10,7,1,1,1
Slovakia,variant 0,2,2,3,2,6,7,6,1,1,1
Slovakia,variant 1,1,2,1,2,6,8,6,1,1,2
Slovakia,variant 2,1,2,1,1,7,10,7,1,2,2
Slovakia,variant 3,2,2,1,2,5,7,7,1,1,1
Slovakia,variant 4,2,2,1,2,5,7,6,1,1,1
Slovakia,variant 5,2,2,1,2,7,10,7,1,1,2
Slovakia,variant 6,2,2,1,2,5,7,6,2,1,1
Slovakia,variant 7,2,2,1,2,5,7,5,1,1,1
Slovakia,variant 8,2,2,1,2,5,10,7,1,1,2
Slovakia,variant 9,2,2,3,1,7,10,7,1,2,2
Slovenia,variant 0,2,2,3,2,5,8,7,1,1,2
Slovenia,variant 1,1,2,3,2,6,10,7,1,2,2
Slovenia,variant 2,1,2,1,2,7,10,8,1,2,2
Slovenia,variant 3,2,2,3,2,5,8,7,1,1,2
Slovenia,variant 4,2,2,1,1,6,8,7,1,2,2
Slovenia,variant 5,1,2,1,1,5,10,8,1,2,2
Slovenia,variant 6,2,2,2,2,5,8,7,1,2,2
Slovenia,variant 7,2,2,1,2,5,8,7,1,2,2
Slovenia,variant 8,1,2,1,1,5,10,8,1,2,2
Slovenia,variant 9,1,2,3,1,5,10,8,1,2,2
South_Africa,variant 0,2,2,1,1,8,10,5,1,1,2
South_Africa,variant 1,2,2,1,1,8,10,6,1,1,2
South_Africa,variant 2,1,2,1,1,8,10,7,1,1,1
South_Africa,variant 3,2,2,1,1,8,10,5,1,1,1
South_Africa,variant 4,2,2,1,1,8,8,5,1,1,1
South_Africa,variant 5,2,2,1,2,8,10,5,1,2,1
South_Africa,variant 6,2,2,1,2,8,8,5,1,1,1
South_Africa,variant 7,2,2,1,1,8,8,5,1,1,1
South_Africa,variant 8,1,2,1,1,8,10,7,1,1,2
South_Africa,variant 9,2,2,1,2,8,10,7,1,1,2
South_Korea,variant 0,2,2,1,2,5,7,6,1,1,1
South_Korea,variant 1,2,2,1,2,5,7,5,1,2,1
South_Korea,variant 2,2,2,1,1,5,8,7,1,1,1
South_Korea,variant 3,2,2,1,2,4,5,7,1,1,1
South_Korea,variant 4,2,2,1,1,5,5,6,1,1,1
South_Korea,variant 5,2,2,1,1,5,8,7,1,1,1
South_Korea,variant 6,2,2,1,2,5,5,7,1,1,1
South_Korea,variant 7,2,2,1,1,5,6,5,1,1,1
South_Korea,variant 8,2,2,1,1,5,8,7,1,1,1
South_Korea,variant 9,2,2,1,1,5,10,7,1,2,1
Spain,variant 0,1,2,1,1,6,10,7,2,2,2
Spain,variant 1,1,2,1,2,6,10,7,2,1,2
Spain,variant 2,1,2,1,1,7,10,8,1,2,2
Spain,variant 3,2,2,1,2,6,10,7,2,1,1
Spain,variant 4,1,2,1,1,5,10,7,2,2,2
Spain,variant 5,1,2,1,1,7,10,8,1,2,1
Spain,variant 6,2,2,1,2,5,10,7,2,2,2
Spain,variant 7,1,2,1,2,5,10,7,2,1,1
Spain,variant 8,1,2,1,1,7,10,8,1,2,2
Spain,variant 9,1,2,1,1,7,10,8,2,2,2
Sweden,variant 0,1,1,3,1,4,10,8,2,1,2
Sweden,variant 1,1,1,3,1,3,10,8,2,3,2
Sweden,variant 2,1,1,3,1,3,10,9,2,3,2
Sweden,variant 3,1,1,2,1,4,10,8,2,2,2
Sweden,variant 4,1,1,3,1,3,10,8,2,2,2
Sweden,variant 5,1,1,2,1,3,10,9,1,3,2
Sweden,variant 6,1,1,2,2,3,10,8,2,1,2
Sweden,variant 7,1,1,3,1,3,10,8,2,1,2
Sweden,variant 8,1,1,2,1,3,10,9,1,2,2
Sweden,variant 9,1,1,3,1,3,10,8,2,3,2
Switzerland,variant 0,1,1,1,1,5,10,7,1,1,2
Switzerland,variant 1,1,1,2,1,6,10,7,1,2,2
Switzerland,variant 2,1,1,1,1,7,10,8,1,3,2
Switzerland,variant 3,1,1,2,1,5,10,7,1,1,2
Switzerland,variant 4,1,1,1,1,5,10,7,1,1,2
Switzerland,variant 5,1,1,1,1,6,10,7,1,1,2
Switzerland,variant 6,1,1,2,1,5,10,7,1,1,2
Switzerland,variant 7,1,1,1,1,5,10,7,1,2,2
Switzerland,variant 8,1,1,2,1,7,10,8,1,1,2
Switzerland,variant 9,1,1,1,1,7,10,8,1,3,2
Taiwan_ROC,variant 0,1,2,1,2,5,10,7,1,2,1
Taiwan_ROC,variant 1,1,2,1,2,5,10,7,1,3,1
Taiwan_ROC,variant 2,1,2,1,1,5,10,7,1,3,1
Taiwan_ROC,variant 3,1,2,1,2,5,10,7,1,2,1
Taiwan_ROC,variant 4,2,2,2,2,4,10,7,1,2,1
Taiwan_ROC,variant 5,1,2,3,1,5,10,7,1,2,1
Taiwan_ROC,variant 6,2,2,1,2,4,9,7,1,2,1
Taiwan_ROC,variant 7,1,2,1,2,5,8,7,1,3,1
Taiwan_ROC,variant 8,1,2,1,1,3,10,7,1,3,1
Taiwan_ROC,variant 9,1,2,1,2,3,10,7,1,3,2
Thailand,variant 0,2,2,1,2,1,8,5,1,1,1
Thailand,variant 1,1,2,1,2,1,10,6,1,1,1
Thailand,variant 2,1,2,1,1,1,10,7,1,1,1
Thailand,variant 3,1,2,1,2,1,9,5,1,1,1
Thailand,variant 4,1,2,1,2,1,8,5,1,1,1
Thailand,variant 5,1,2,1,2,1,10,7,1,1,1
Thailand,variant 6,1,2,1,2,1,8,5,1,1,1
Thailand,variant 7,1,2,1,2,1,8,5,1,1,1
Thailand,variant 8,1,2,1,1,5,10,7,1,1,1
Thailand,variant 9,1,2,1,2,5,10,7,1,3,1
Trinidad_and_Tobago,variant 0,1,2,1,2,8,8,5,1,1,2
Trinidad_and_Tobago,variant 1,1,2,1,2,8,8,5,1,1,1
Trinidad_and_Tobago,variant 2,1,2,1,2,10,8,5,1,1,1
Trinidad_and_Tobago,variant 3,1,2,1,2,8,7,5,1,1,1
Trinidad_and_Tobago,variant 4,1,2,1,2,9,7,5,1,1,1
Trinidad_and_Tobago,variant 5,1,2,1,2,10,7,5,1,1,1
Trinidad_and_Tobago,variant 6,1,2,1,2,9,7,5,1,1,1
Trinidad_and_Tobago,variant 7,1,2,1,2,10,5,5,1,1,1
Trinidad_and_Tobago,variant 8,1,2,1,2,10,8,5,1,1,1
Trinidad_and_Tobago,variant 9,1,2,1,1,8,10,7,1,1,1
Tunisia,variant 0,2,2,1,2,10,3,5,1,2,1
Tunisia,variant 1,2,2,1,2,10,5,5,1,2,1
Tunisia,variant 2,2,2,1,2,9,7,5,1,2,1
Tunisia,variant 3,2,2,1,2,9,1,5,1,2,1
Tunisia,variant 4,2,2,1,2,9,1,4,1,2,-1
Tunisia,variant 5,2,2,1,2,10,3,5,1,2,0
Tunisia,variant 6,2,2,1,2,9,3,4,1,2,1
Tunisia,variant 7,2,2,1,2,9,1,5,1,2,-1
Tunisia,variant 8,2,2,1,2,9,1,5,1,2,0
Tunisia,variant 9,2,2,1,2,9,7,5,1,2,1
Turkey,variant 0,2,2,1,2,8,5,5,1,1,1
Turkey,variant 1,2,2,1,2,8,5,5,1,1,1
Turkey,variant 2,2,2,3,2,8,10,5,1,1,1
Turkey,variant 3,2,2,1,2,8,5,5,1,1,1
Turkey,variant 4,2,2,1,2,9,3,5,1,1,1
Turkey,variant 5,2,2,1,2,8,7,5,1,1,1
Turkey,variant 6,2,2,1,2,8,5,5,1,1,1
Turkey,variant 7,2,2,1,2,8,5,5,1,1,1
Turkey,variant 8,2,2,1,2,8,8,5,1,1,1
Turkey,variant 9,2,2,3,2,8,10,5,1,1,1
Ukraine,variant 0,2,2,1,2,7,7,5,1,2,2
Ukraine,variant 1,2,2,3,2,7,8,7,1,3,2
Ukraine,variant 2,2,2,1,1,7,10,7,1,2,2
Ukraine,variant 3,2,2,1,2,7,5,6,1,3,2
Ukraine,variant 4,2,2,1,2,7,5,5,1,2,1
Ukraine,variant 5,2,2,1,1,7,8,7,1,3,2
Ukraine,variant 6,2,2,1,2,7,5,6,1,1,2
Ukraine,variant 7,2,2,1,2,7,5,6,1,2,1
Ukraine,variant 8,2,2,3,2,7,10,7,1,3,2
Ukraine,variant 9,2,2,3,1,7,10,7,1,3,2
United_States,variant 0,2,2,1,2,7,10,5,1,2,2
United_States,variant 1,1,2,1,1,7,10,7,1,2,1
United_States,variant 2,1,2,1,1,7,10,7,2,3,2
United_States,variant 3,2,2,1,1,7,10,6,1,2,2
United_States,variant 4,1,2,1,1,7,10,5,1,2,1
United_States,variant 5,1,2,1,1,7,10,7,1,3,2
United_States,variant 6,2,2,1,2,7,10,5,1,2,1
United_States,variant 7,2,2,1,2,7,10,7,1,2,1
United_States,variant 8,1,2,1,2,7,10,7,1,2,2
United_States,variant 9,1,2,3,1,5,10,7,1,3,2
Uruguay,variant 0,1,2,1,2,5,10,7,1,1,2
Uruguay,variant 1,1,2,3,2,7,10,7,1,1,2
Uruguay,variant 2,1,2,1,1,7,10,7,1,2,2
Uruguay,variant 3,1,2,3,2,7,10,7,1,2,2
Uruguay,variant 4,1,2,1,2,4,10,7,1,1,1
Uruguay,variant 5,1,2,1,2,7,10,7,1,2,2
Uruguay,variant 6,1,2,1,2,5,10,7,1,1,2
Uruguay,variant 7,1,2,1,2,6,10,7,1,2,2
Uruguay,variant 8,1,2,1,2,7,10,8,1,1,2
Uruguay,variant 9,1,2,3,1,7,10,8,1,2,2
Venezuela,variant 0,3,2,3,2,8,7,5,1,1,1
Venezuela,variant 1,3,2,3,2,9,8,5,1,1,1
Venezuela,variant 2,3,2,1,2,9,10,7,1,1,1
Venezuela,variant 3,3,2,1,2,9,7,5,2,1,1
Venezuela,variant 4,3,2,1,2,9,7,5,1,1,1
Venezuela,variant 5,3,2,1,1,9,10,5,1,2,1
Venezuela,variant 6,3,2,1,2,9,8,5,1,1,1
Venezuela,variant 7,3,2,1,2,9,8,5,1,1,1
Venezuela,variant 8,3,2,1,2,8,10,7,1,1,1
Venezuela,variant 9,2,2,3,1,8,10,7,1,2,2
Vietnam,variant 0,2,2,1,2,5,7,5,1,1,1
Vietnam,variant 1,1,2,1,2,5,8,7,1,1,1
Vietnam,variant 2,1,2,1,2,7,10,5,1,1,1
Vietnam,variant 3,2,2,1,2,5,8,5,1,1,1
Vietnam,variant 4,2,2,1,2,5,7,5,1,1,1
Vietnam,variant 5,1,2,1,2,7,10,7,1,1,1
Vietnam,variant 6,2,2,1,2,5,7,5,1,1,1
Vietnam,variant 7,2,2,1,2,5,7,5,1,1,1
Vietnam,variant 8,1,2,1,2,7,8,6,1,1,1
Vietnam,variant 9,1,2,1,2,5,10,7,1,1,1
Yemen,variant 0,3,2,1,2,10,1,1,1,1,-1
Yemen,variant 1,3,2,1,2,10,1,1,1,1,-1
Yemen,variant 2,3,2,1,2,10,1,1,1,1,0
Yemen,variant 3,3,2,1,2,10,1,1,1,1,-1
Yemen,variant 4,3,2,1,2,10,1,1,1,1,-1
Yemen,variant 5,3,2,1,2,10,1,1,1,1,0
Yemen,variant 6,3,2,1,2,10,1,1,1,1,-1
Yemen,variant 7,3,2,1,2,10,1,1,1,1,-1
Yemen,variant 8,3,2,1,2,10,1,1,1,1,0
Yemen,variant 9,3,2,1,2,10,1,1,1,1,0
Zambia,variant 0,2,2,1,2,10,1,5,1,1,1
Zambia,variant 1,2,2,1,2,10,1,5,1,1,1
Zambia,variant 2,1,2,1,2,10,1,5,1,1,1
Zambia,variant 3,2,2,1,2,10,1,4,1,1,1
Zambia,variant 4,2,2,1,2,10,1,3,1,1,0
Zambia,variant 5,1,2,1,2,10,1,3,1,1,1
Zambia,variant 6,2,2,1,2,10,1,3,1,1,1
Zambia,variant 7,2,2,1,2,10,1,3,1,1,0
Zambia,variant 8,2,2,1,2,10,1,3,1,2,1
Zambia,variant 9,2,2,1,2,10,7,5,1,2,1
Zimbabwe,variant 0,2,2,1,2,10,5,5,1,2,1
Zimbabwe,variant 1,2,2,1,2,10,5,5,1,2,1
Zimbabwe,variant 2,2,2,1,2,10,7,5,1,2,1
Zimbabwe,variant 3,2,2,1,2,10,1,4,1,1,1
Zimbabwe,variant 4,2,2,1,2,10,1,3,1,1,1
Zimbabwe,variant 5,2,2,1,2,10,1,3,1,2,1
Zimbabwe,variant 6,2,2,1,2,10,1,3,1,2,1
Zimbabwe,variant 7,2,2,1,2,10,1,5,1,1,1
Zimbabwe,variant 8,2,2,1,2,10,5,5,1,1,1
Zimbabwe,variant 9,2,2,1,1,10,8,5,1,2,1
